-- ANIMALE
-- mucche
INSERT INTO Animale 
VALUES('aaa0000', 'Bovidi', 'Frisona', 200, 100, '2018-10-10', NULL, NULL,'Bovino', 'aaa0000', 'aaa0000', NULL, NULL, NULL);
INSERT INTO Animale
VALUES('aaa0001', 'Bovidi', 'Frisona', 700, 140, '2014-11-10', NULL, NULL,'Bovino', 'aaa0001', 'aaa0001', NULL, NULL, NULL);
INSERT INTO Animale
VALUES('aaa0002', 'Bovidi', 'Frisona', 700, 140, '2013-11-19', NULL, NULL,'Bovino', 'aaa0002', 'aaa0002', 'IT91647659101', '2014-01-10', '2014-01-15');
INSERT INTO Animale
VALUES('aaa0003', 'Bovidi', 'Frisona', 700, 140, '2015-01-14', NULL, NULL,'Bovino', 'aaa0003', 'aaa0003', NULL, NULL, NULL);
INSERT INTO Animale
VALUES('aaa0004', 'Bovidi', 'Frisona', 700, 140, '2016-09-17', NULL, NULL, 'Bovino','aaa0004', 'aaa0004', NULL, NULL, NULL);
INSERT INTO Animale
VALUES('aaa0005', 'Bovidi', 'Frisona', 700, 140, '2012-11-10', NULL, NULL,'Bovino', 'aaa0005', 'aaa0005', NULL, NULL, NULL);
INSERT INTO Animale
VALUES('aaa0006', 'Bovidi', 'Frisona', 700, 140, '2014-03-03', NULL, NULL,'Bovino', 'aaa0006', 'aaa0006', 'IT91647659101', '2014-03-10', '2014-03-15');
INSERT INTO Animale
VALUES('aaa0007', 'Bovidi', 'Frisona', 700, 140, '2013-08-14', NULL, NULL, 'Bovino','aaa0007', 'aaa0007', 'IT896947659101', '2013-10-01', '2013-10-03');
INSERT INTO Animale
VALUES('aaa0008', 'Bovidi', 'Frisona', 1100, 145, '2015-07-13', NULL, NULL, 'Bovino','aaa0008', 'aaa0008', NULL, NULL, NULL);
INSERT INTO Animale
VALUES('aaa0009', 'Bovidi', 'Frisona', 1100, 145, '2016-05-22', NULL, NULL,'Bovino', 'aaa0008', 'aaa0008', NULL, NULL, NULL);
-- pecore
INSERT INTO Animale 
VALUES('aaa0120', 'Bovidi', 'Merino', 14, 50, '2019-06-10', NULL, NULL,'Ovino',  'aaa0120', 'aaa0120', NULL, NULL, NULL);
INSERT INTO Animale 
VALUES('aaa0121', 'Bovidi', 'Merino', 70, 80, '2014-06-10', NULL, NULL,'Ovino', 'aaa0121', 'aaa0121', NULL, NULL, NULL);
INSERT INTO Animale 
VALUES('aaa0122', 'Bovidi', 'Merino', 70, 80, '2015-07-11', NULL, NULL, 'Ovino','aaa0122', 'aaa0122', 'IT01515821201', '2015-09-04', '2015-09-10');
INSERT INTO Animale 
VALUES('aaa0123', 'Bovidi', 'Merino', 70, 80, '2012-04-01', NULL, NULL, 'Ovino','aaa0123', 'aaa0123', 'IT01515821201', '2012-06-04', '2012-06-14');
INSERT INTO Animale 
VALUES('aaa0124', 'Bovidi', 'Merino', 90, 80, '2012-09-21', NULL, NULL, 'Ovino','aaa0124', 'aaa0124', NULL, NULL, NULL);
-- capre
INSERT INTO Animale 
VALUES('aaa0240', 'Bovidi', 'Saanen', 15, 40, '2019-06-10', NULL, NULL,'Caprino',  'aaa0240', 'aaa0240', NULL, NULL, NULL);
INSERT INTO Animale 
VALUES('aaa0241', 'Bovidi', 'Saanen', 40, 75 , '2014-06-10', NULL, NULL, 'Caprino','aaa0241', 'aaa0241', NULL, NULL, NULL);
INSERT INTO Animale 
VALUES('aaa0242', 'Bovidi', 'Saanen', 40, 75 , '2013-06-10', NULL, NULL,'Caprino', 'aaa0242', 'aaa0242', NULL, NULL, NULL);
INSERT INTO Animale 
VALUES('aaa0243', 'Bovidi', 'Saanen', 40, 75 , '2012-06-10', NULL, NULL,'Caprino', 'aaa0243', 'aaa0243', 'IT71700010265', '2012-09-03', '2012-09-07');
INSERT INTO Animale 
VALUES('aaa0244', 'Bovidi', 'Saanen', 60, 85 , '2015-06-10', NULL, NULL,'Caprino', 'aaa0244', 'aaa0244', NULL, NULL, NULL);

-- femmina
INSERT INTO Femmina
VALUES('aaa0000');
INSERT INTO Femmina
VALUES('aaa0001');
INSERT INTO Femmina
VALUES('aaa0002');
INSERT INTO Femmina
VALUES('aaa0003');
INSERT INTO Femmina
VALUES('aaa0004');
INSERT INTO Femmina
VALUES('aaa0005');
INSERT INTO Femmina
VALUES('aaa0006');
INSERT INTO Femmina
VALUES('aaa0007');
INSERT INTO Femmina
VALUES('aaa0120');
INSERT INTO Femmina
VALUES('aaa0121');
INSERT INTO Femmina
VALUES('aaa0122');
INSERT INTO Femmina
VALUES('aaa0123');
INSERT INTO Femmina
VALUES('aaa0240');
INSERT INTO Femmina
VALUES('aaa0241');
INSERT INTO Femmina
VALUES('aaa0242');
INSERT INTO Femmina
VALUES('aaa0243');

-- maschio
INSERT INTO Maschio
VALUES('aaa0008');
INSERT INTO Maschio
VALUES('aaa0009');
INSERT INTO Maschio
VALUES('aaa0124');
INSERT INTO Maschio
VALUES('aaa0244');

-- veterinario
INSERT INTO Veterinario
VALUES('aaa0000', 'Via dei cani 10, Lucca', '1969-10-10');
INSERT INTO Veterinario
VALUES('aaa0001', 'Via dei lupi 15, Pisa', '1966-11-10');
INSERT INTO Veterinario
VALUES('aaa0002', 'Via dei leoni 1, Firenze', '1973-04-04');
INSERT INTO Veterinario
VALUES('aaa0003', 'Via dei rettili 9, Lucca', '1969-11-10');
INSERT INTO Veterinario
VALUES('aaa0004', 'Via dei coccodrilli 11, Pontedera', '1971-02-01');
INSERT INTO Veterinario
VALUES('aaa0005', 'Via dei rinoceronti 3, Lucca', '1969-10-10');
INSERT INTO Veterinario
VALUES('aaa0006', 'Via dei criceti 10, Viareggio', '1967-06-06');
INSERT INTO Veterinario
VALUES('aaa0007', 'Via dei lupi 10, Livorno', '1975-12-12');
INSERT INTO Veterinario
VALUES('aaa0008', 'Via dei topi 10, Pistoia', '1963-03-03');
INSERT INTO Veterinario
VALUES('aaa0009', 'Via dei lumi 17, Lucca', '1972-11-20');

-- tentativo
INSERT INTO Tentativo
VALUES('aaa0000','2019-07-10 10:00:00','aaa0008', 'aaa0001','aaa0000', NULL);
INSERT INTO Tentativo
VALUES('aaa0001','2019-07-11 10:00:00','aaa0008', 'aaa0002','aaa0001', NULL);
INSERT INTO Tentativo
VALUES('aaa0002','2019-07-12 10:00:00','aaa0008', 'aaa0003','aaa0002', NULL);
INSERT INTO Tentativo
VALUES('aaa0003','2019-07-13 10:00:00','aaa0009', 'aaa0004','aaa0003', NULL);
INSERT INTO Tentativo
VALUES('aaa0004','2019-07-14 10:00:00','aaa0009', 'aaa0005','aaa0004', NULL);
INSERT INTO Tentativo
VALUES('aaa0005','2019-07-15 10:00:00','aaa0009', 'aaa0006','aaa0005', 'aaa0001');
INSERT INTO Tentativo
VALUES('aaa0006','2019-08-16 10:00:00','aaa0009', 'aaa0007','aaa0006', 'aaa0009');
INSERT INTO Tentativo
VALUES('aaa0007','2019-07-16 10:00:00','aaa0124', 'aaa0121','aaa0007', NULL);
INSERT INTO Tentativo
VALUES('aaa0008','2019-07-17 10:00:00','aaa0124', 'aaa0122','aaa0008', NULL);
INSERT INTO Tentativo
VALUES('aaa0009','2019-08-17 10:00:00','aaa0124', 'aaa0123','aaa0009', 'aaa0006');
INSERT INTO Tentativo
VALUES('aaa0010','2019-07-18 10:00:00','aaa0244', 'aaa0243','aaa0001', NULL);
INSERT INTO Tentativo
VALUES('aaa0011','2019-07-19 10:00:00','aaa0244', 'aaa0242','aaa0002',  NULL);
INSERT INTO Tentativo
VALUES('aaa0012','2019-08-18 10:00:00','aaa0244', 'aaa0241','aaa0003', 'aaa0004');

-- interruzione gravidanza
INSERT INTO Interruzione_Gravidanza
VALUES('aaa0005', '2019-09-02');

-- causa fine gravidanza
INSERT INTO Causa_Fine_Gravidanza
VALUES('aaa0005', 'Malformazione del feto');

-- visita 
INSERT INTO Visita
VALUES('aaa0000', 'aaa0000', 'aaa0000', '2018-10-10', NULL, 'Positivo');
INSERT INTO Visita
VALUES('aaa0001', 'aaa0000', 'aaa0001', '2018-01-10', NULL, 'Positivo');
INSERT INTO Visita
VALUES('aaa0002', 'aaa0001', 'aaa0002', '2015-01-10', NULL, 'Negativo');
INSERT INTO Visita
VALUES('aaa0003', 'aaa0001', 'aaa0003', '2015-02-10', NULL, 'Negativo');
INSERT INTO Visita
VALUES('aaa0004', 'aaa0001', 'aaa0004', '2015-03-10', NULL, 'Positivo');
INSERT INTO Visita
VALUES('aaa0005', 'aaa0001', 'aaa0005', '2015-04-10', NULL, 'Positivo');
INSERT INTO Visita
VALUES('aaa0006', 'aaa0001', 'aaa0006', '2017-04-10', NULL, 'Positivo');
INSERT INTO visita
VALUES('aaa0007', 'aaa0001', 'aaa0007', '2018-04-10', NULL, 'Negativo');
INSERT INTO visita
VALUES('aaa0008', 'aaa0002', 'aaa0008', '2015-04-10', NULL, 'Positivo');
INSERT INTO visita
VALUES('aaa0009', 'aaa0002', 'aaa0009', '2016-04-10', NULL, 'Positivo');
INSERT INTO visita
VALUES('aaa0010', 'aaa0002', 'aaa0000', '2017-03-10', NULL, 'Positivo');
INSERT INTO visita
VALUES('aaa0011', 'aaa0002', 'aaa0001', '2017-04-10', NULL, 'Positivo');
INSERT INTO visita
VALUES('aaa0012', 'aaa0002', 'aaa0002', '2017-05-10', NULL, 'Positivo');
INSERT INTO visita
VALUES('aaa0013', 'aaa0002', 'aaa0003', '2018-03-10', NULL, 'Positivo');
INSERT INTO visita
VALUES('aaa0014', 'aaa0003', 'aaa0004', '2015-04-10', NULL, 'Positivo');
INSERT INTO visita
VALUES('aaa0015', 'aaa0003', 'aaa0005', '2016-01-10', NULL, 'Positivo');
INSERT INTO visita
VALUES('aaa0016', 'aaa0003', 'aaa0006', '2016-07-10', NULL, 'Positivo');
INSERT INTO visita
VALUES('aaa0017', 'aaa0003', 'aaa0007', '2017-09-10', NULL, 'Positivo');
INSERT INTO visita
VALUES('aaa0018', 'aaa0003', 'aaa0008', '2018-03-10', NULL, 'Positivo');
INSERT INTO visita
VALUES('aaa0019', 'aaa0003', 'aaa0009', '2018-12-10', NULL, 'Positivo');
INSERT INTO visita
VALUES('aaa0020', 'aaa0004', 'aaa0001', '2016-12-10', NULL, 'Positivo');
INSERT INTO visita
VALUES('aaa0021', 'aaa0004', 'aaa0002', '2017-01-14', NULL, 'Positivo');
INSERT INTO visita
VALUES('aaa0022', 'aaa0004', 'aaa0003', '2017-02-13', NULL, 'Positivo');
INSERT INTO visita
VALUES('aaa0023', 'aaa0004', 'aaa0004', '2017-03-15', NULL, 'Positivo');
INSERT INTO visita
VALUES('aaa0024', 'aaa0004', 'aaa0005', '2018-11-14', NULL, 'Positivo');
INSERT INTO visita
VALUES('aaa0025', 'aaa0004', 'aaa0006', '2018-11-29', NULL, 'Positivo');
INSERT INTO visita
VALUES('aaa0026', 'aaa0005', 'aaa0007', '2013-04-04', NULL, 'Positivo');
INSERT INTO visita
VALUES('aaa0027', 'aaa0005', 'aaa0008', '2014-05-04', NULL, 'Positivo');
INSERT INTO visita
VALUES('aaa0028', 'aaa0005', 'aaa0009', '2015-06-04', NULL, 'Positivo');
INSERT INTO visita
VALUES('aaa0029', 'aaa0005', 'aaa0000', '2016-07-04', NULL, 'Positivo');
INSERT INTO visita
VALUES('aaa0030', 'aaa0005', 'aaa0001', '2017-08-04', NULL, 'Positivo');
INSERT INTO visita
VALUES('aaa0031', 'aaa0005', 'aaa0002', '2018-09-04', NULL, 'Positivo');
INSERT INTO visita
VALUES('aaa0032', 'aaa0006', 'aaa0003', '2014-05-03', NULL, 'Positivo');
INSERT INTO visita
VALUES('aaa0033', 'aaa0006', 'aaa0004', '2015-05-03', NULL, 'Positivo');
INSERT INTO visita
VALUES('aaa0034', 'aaa0006', 'aaa0005', '2016-05-04', NULL, 'Positivo');
INSERT INTO visita
VALUES('aaa0035', 'aaa0006', 'aaa0006', '2017-05-04', NULL, 'Positivo');
INSERT INTO visita
VALUES('aaa0036', 'aaa0006', 'aaa0007', '2018-05-04', NULL, 'Positivo');
INSERT INTO visita
VALUES('aaa0037', 'aaa0006', 'aaa0008', '2018-09-03', NULL, 'Positivo');
INSERT INTO visita
VALUES('aaa0038', 'aaa0007', 'aaa0009', '2014-05-07', NULL, 'Positivo');
INSERT INTO visita
VALUES('aaa0039', 'aaa0007', 'aaa0000', '2015-05-07', NULL, 'Positivo');
INSERT INTO visita
VALUES('aaa0040', 'aaa0007', 'aaa0001', '2016-05-07', NULL, 'Positivo');
INSERT INTO visita
VALUES('aaa0041', 'aaa0007', 'aaa0002', '2017-05-07', NULL, 'Positivo');
INSERT INTO visita
VALUES('aaa0042', 'aaa0007', 'aaa0003', '2018-05-07', NULL, 'Positivo');
INSERT INTO visita
VALUES('aaa0043', 'aaa0007', 'aaa0004', '2018-07-07', NULL, 'Positivo');
INSERT INTO visita
VALUES('aaa0044', 'aaa0008', 'aaa0005', '2016-03-23', NULL, 'Positivo');
INSERT INTO visita
VALUES('aaa0045', 'aaa0008', 'aaa0006', '2017-03-23', NULL, 'Positivo');
INSERT INTO visita
VALUES('aaa0046', 'aaa0008', 'aaa0007', '2017-06-23', NULL, 'Positivo');
INSERT INTO visita
VALUES('aaa0047', 'aaa0008', 'aaa0008', '2018-03-23', NULL, 'Positivo');
INSERT INTO visita
VALUES('aaa0048', 'aaa0008', 'aaa0009', '2018-09-23', NULL, 'Positivo');
INSERT INTO visita
VALUES('aaa0049', 'aaa0008', 'aaa0001', '2019-03-23', NULL, 'Positivo');
INSERT INTO visita
VALUES('aaa0050', 'aaa0009', 'aaa0002', '2016-07-27', NULL, 'Positivo');
INSERT INTO visita
VALUES('aaa0051', 'aaa0009', 'aaa0003', '2016-09-27', NULL, 'Positivo');
INSERT INTO visita
VALUES('aaa0052', 'aaa0009', 'aaa0004', '2016-11-27', NULL, 'Positivo');
INSERT INTO visita
VALUES('aaa0053', 'aaa0009', 'aaa0005', '2017-07-27', NULL, 'Positivo');
INSERT INTO visita
VALUES('aaa0054', 'aaa0009', 'aaa0006', '2018-07-27', NULL, 'Positivo');
INSERT INTO visita
VALUES('aaa0055', 'aaa0009', 'aaa0007', '2018-09-27', NULL, 'Positivo');
INSERT INTO visita
VALUES('aaa0056', 'aaa0009', 'aaa0008', '2019-07-27', NULL, 'Positivo');
INSERT INTO visita
VALUES('aaa0057', 'aaa0120', 'aaa0009', '2019-06-10', NULL, 'Positivo');
INSERT INTO visita
VALUES('aaa0058', 'aaa0120', 'aaa0000', '2019-09-14', NULL, 'Positivo');
INSERT INTO Visita
VALUES('aaa0059', 'aaa0121', 'aaa0002', '2015-01-11', NULL, 'Negativo');
INSERT INTO Visita
VALUES('aaa0060', 'aaa0121', 'aaa0003', '2015-02-11', NULL, 'Negativo');
INSERT INTO Visita
VALUES('aaa0061', 'aaa0121', 'aaa0004', '2015-03-11', NULL, 'Positivo');
INSERT INTO visita
VALUES('aaa0062', 'aaa0121', 'aaa0005', '2015-04-11', NULL, 'Positivo');
INSERT INTO Visita
VALUES('aaa0063', 'aaa0121', 'aaa0006', '2017-04-11', NULL, 'Positivo');
INSERT INTO visita
VALUES('aaa0064', 'aaa0121', 'aaa0007', '2018-04-11', NULL, 'Negativo');
INSERT INTO visita
VALUES('aaa0065', 'aaa0122', 'aaa0008', '2015-11-29', NULL, 'Positivo');
INSERT INTO visita
VALUES('aaa0066', 'aaa0122', 'aaa0009', '2016-01-29', NULL, 'Positivo');
INSERT INTO visita
VALUES('aaa0067', 'aaa0122', 'aaa0000', '2016-05-29', NULL, 'Positivo');
INSERT INTO visita
VALUES('aaa0068', 'aaa0122', 'aaa0001', '2017-01-29', NULL, 'Positivo');
INSERT INTO visita
VALUES('aaa0069', 'aaa0122', 'aaa0002', '2017-11-29', NULL, 'Positivo');
INSERT INTO visita
VALUES('aaa0070', 'aaa0122', 'aaa0003', '2018-11-29', NULL, 'Positivo');
INSERT INTO visita
VALUES('aaa0071', 'aaa0123', 'aaa0004', '2012-11-24', NULL, 'Positivo');
INSERT INTO visita
VALUES('aaa0072', 'aaa0123', 'aaa0005', '2013-11-24', NULL, 'Positivo');
INSERT INTO visita
VALUES('aaa0073', 'aaa0123', 'aaa0006', '2014-11-24', NULL, 'Positivo');
INSERT INTO visita
VALUES('aaa0074', 'aaa0123', 'aaa0007', '2015-11-24', NULL, 'Positivo');
INSERT INTO visita
VALUES('aaa0075', 'aaa0123', 'aaa0008', '2016-11-24', NULL, 'Positivo');
INSERT INTO visita
VALUES('aaa0076', 'aaa0123', 'aaa0009', '2017-11-24', NULL, 'Positivo');
INSERT INTO visita
VALUES('aaa0077', 'aaa0124', 'aaa0000', '2014-06-22', NULL, 'Positivo');
INSERT INTO visita
VALUES('aaa0078', 'aaa0124', 'aaa0001', '2014-09-22', NULL, 'Positivo');
INSERT INTO visita
VALUES('aaa0079', 'aaa0124', 'aaa0002', '2015-06-22', NULL, 'Positivo');
INSERT INTO visita
VALUES('aaa0080', 'aaa0124', 'aaa0003', '2016-06-22', NULL, 'Positivo');
INSERT INTO visita
VALUES('aaa0081', 'aaa0124', 'aaa0004', '2017-06-22', NULL, 'Positivo');
INSERT INTO visita
VALUES('aaa0082', 'aaa0124', 'aaa0005', '2018-06-22', NULL, 'Positivo');
INSERT INTO Visita
VALUES('aaa0083', 'aaa0240', 'aaa0000', '2019-06-10', NULL, 'Positivo');
INSERT INTO visita
VALUES('aaa0084', 'aaa0240', 'aaa0001', '2019-09-15', NULL, 'Positivo');
INSERT INTO Visita
VALUES('aaa0085', 'aaa0241', 'aaa0002', '2015-01-19', NULL, 'Negativo');
INSERT INTO Visita
VALUES('aaa0086', 'aaa0241', 'aaa0003', '2015-02-19', NULL, 'Negativo');
INSERT INTO Visita
VALUES('aaa0087', 'aaa0241', 'aaa0004', '2015-03-19', NULL, 'Positivo');
INSERT INTO visita
VALUES('aaa0088', 'aaa0241', 'aaa0005', '2015-04-19', NULL, 'Positivo');
INSERT INTO visita
VALUES('aaa0089', 'aaa0241', 'aaa0006', '2017-04-19', NULL, 'Positivo');
INSERT INTO visita
VALUES('aaa0090', 'aaa0241', 'aaa0007', '2018-04-19', NULL, 'Negativo');
INSERT INTO visita
VALUES('aaa0091', 'aaa0242', 'aaa0008', '2016-12-17', NULL, 'Positivo');
INSERT INTO visita
VALUES('aaa0092', 'aaa0242', 'aaa0009', '2017-02-17', NULL, 'Positivo');
INSERT INTO visita
VALUES('aaa0093', 'aaa0242', 'aaa0000', '2017-12-17', NULL, 'Positivo');
INSERT INTO visita
VALUES('aaa0094', 'aaa0242', 'aaa0001', '2018-02-17', NULL, 'Positivo');
INSERT INTO visita
VALUES('aaa0095', 'aaa0242', 'aaa0002', '2018-12-17', NULL, 'Positivo');
INSERT INTO visita
VALUES('aaa0096', 'aaa0242', 'aaa0003', '2019-02-17', NULL, 'Positivo');
INSERT INTO visita
VALUES('aaa0097', 'aaa0243', 'aaa0004', '2013-10-16', NULL, 'Positivo');
INSERT INTO visita
VALUES('aaa0098', 'aaa0243', 'aaa0005', '2014-02-16', NULL, 'Positivo');
INSERT INTO visita
VALUES('aaa0099', 'aaa0243', 'aaa0006', '2015-10-16', NULL, 'Positivo');
INSERT INTO visita
VALUES('aaa0100', 'aaa0243', 'aaa0007', '2016-10-16', NULL, 'Positivo');
INSERT INTO visita
VALUES('aaa0101', 'aaa0243', 'aaa0008', '2017-10-16', NULL, 'Positivo');
INSERT INTO visita
VALUES('aaa0102', 'aaa0243', 'aaa0009', '2018-10-16', NULL, 'Positivo');
INSERT INTO visita
VALUES('aaa0103', 'aaa0244', 'aaa0000', '2016-07-20', NULL, 'Positivo');
INSERT INTO visita
VALUES('aaa0104', 'aaa0244', 'aaa0001', '2016-09-20', NULL, 'Positivo');
INSERT INTO visita
VALUES('aaa0105', 'aaa0244', 'aaa0002', '2017-07-20', NULL, 'Positivo');
INSERT INTO visita
VALUES('aaa0106', 'aaa0244', 'aaa0003', '2018-07-20', NULL, 'Positivo');
INSERT INTO visita
VALUES('aaa0107', 'aaa0244', 'aaa0004', '2019-07-20', NULL, 'Positivo');
-- visiste gravidanze
INSERT INTO visita
VALUES('aaa0108', 'aaa0006', 'aaa0001', '2019-07-20', NULL, 'Positivo');
INSERT INTO visita
VALUES('aaa0109', 'aaa0006', 'aaa0001', '2019-07-23', NULL, 'Positivo');
INSERT INTO visita
VALUES('aaa0110', 'aaa0006', 'aaa0001', '2019-08-14', NULL, 'Positivo');
INSERT INTO visita
VALUES('aaa0111', 'aaa0006', 'aaa0001', '2019-09-02', 'Si', 'Negativo');
INSERT INTO visita
VALUES('aaa0112', 'aaa0007', 'aaa0009', '2019-08-16', NULL, 'Positivo');
INSERT INTO visita
VALUES('aaa0113', 'aaa0007', 'aaa0009', '2019-08-26', NULL, 'Positivo');
INSERT INTO visita
VALUES('aaa0114', 'aaa0007', 'aaa0009', '2019-09-02', NULL, 'Positivo');
INSERT INTO visita
VALUES('aaa0115', 'aaa0123', 'aaa0006', '2019-08-17', NULL, 'Positivo');
INSERT INTO visita
VALUES('aaa0116', 'aaa0123', 'aaa0006', '2019-08-27', NULL, 'Positivo');
INSERT INTO visita
VALUES('aaa0117', 'aaa0123', 'aaa0006', '2019-09-03', NULL, 'Positivo');
INSERT INTO visita
VALUES('aaa0118', 'aaa0243', 'aaa0004', '2019-08-18', NULL, 'Positivo');
INSERT INTO visita
VALUES('aaa0119', 'aaa0243', 'aaa0004', '2019-08-28', NULL, 'Positivo');
INSERT INTO visita
VALUES('aaa0120', 'aaa0243', 'aaa0004', '2019-09-04', NULL, 'Positivo');

-- intervento programmato
INSERT INTO Intervento_Programmato
VALUES ('aaa0000', 'aaa0005', '2019-07-20', 'aaa0108');
INSERT INTO Intervento_Programmato
VALUES ('aaa0001', 'aaa0005', '2019-07-23', 'aaa0109');
INSERT INTO Intervento_Programmato
VALUES ('aaa0002', 'aaa0005', '2019-08-14', 'aaa0110');
INSERT INTO Intervento_Programmato
VALUES ('aaa0003', 'aaa0005', '2019-09-02', 'aaa0111');
INSERT INTO Intervento_Programmato
VALUES ('aaa0004', 'aaa0006', '2019-08-16', 'aaa0112');
INSERT INTO Intervento_Programmato
VALUES ('aaa0005', 'aaa0006', '2019-08-26', 'aaa0113');
INSERT INTO Intervento_Programmato
VALUES ('aaa0006', 'aaa0006', '2019-09-02', 'aaa0114');
INSERT INTO Intervento_Programmato
VALUES ('aaa0007', 'aaa0006', '2019-10-16', NULL);
INSERT INTO Intervento_Programmato
VALUES ('aaa0008', 'aaa0009', '2019-08-17', 'aaa0115');
INSERT INTO Intervento_Programmato
VALUES ('aaa0009', 'aaa0009', '2019-08-27', 'aaa0116');
INSERT INTO Intervento_Programmato
VALUES ('aaa0010', 'aaa0009', '2019-09-03', 'aaa0117');
INSERT INTO intervento_programmato
VALUES ('aaa0011', 'aaa0009', '2019-10-17', NULL);
INSERT INTO Intervento_Programmato
VALUES ('aaa0012', 'aaa0012', '2019-08-18', 'aaa0118');
INSERT INTO Intervento_Programmato
VALUES ('aaa0013', 'aaa0012', '2019-08-28', 'aaa0119');
INSERT INTO Intervento_Programmato
VALUES ('aaa0014', 'aaa0012', '2019-09-04', 'aaa0120');
INSERT INTO intervento_programmato
VALUES ('aaa0015', 'aaa0012', '2019-10-18', NULL);

-- ESAME
INSERT INTO Esame
VALUES('aaa0000', 'aaa0090', 'Elettrocardiogramma', '2018-04-29', NULL);

-- Macchinari esame
INSERT INTO macchinario
VALUES('Elettrocardiografo');

INSERT INTO Utilizzo_Macchinario_Esame
VALUES('aaa0000', 'Elettrocardiografo');

-- diagnosi
INSERT INTO Diagnosi
VALUES('aaa0000', 0.5, 0.5);
INSERT INTO Diagnosi
VALUES('aaa0001', 0.5, 0.5);
INSERT INTO diagnosi
VALUES('aaa0002', 0.5, 0.5);
INSERT INTO Diagnosi
VALUES('aaa0003', 0.5, 0.5);
INSERT INTO Diagnosi
VALUES('aaa0004', 0.5, 0.5);
INSERT INTO Diagnosi
VALUES('aaa0005', 0.5, 0.5);
INSERT INTO Diagnosi
VALUES('aaa0006', 0.5, 0.5);
INSERT INTO Diagnosi
VALUES('aaa0007', 0.5, 0.5);
INSERT INTO Diagnosi
VALUES('aaa0008', 0.5, 0.5);
INSERT INTO Diagnosi
VALUES('aaa0009', 0.5, 0.5);
INSERT INTO Diagnosi
VALUES('aaa0010', 0.5, 0.5);
INSERT INTO Diagnosi
VALUES('aaa0011', 0.5, 0.5);
INSERT INTO Diagnosi
VALUES('aaa0012', 0.5, 0.5);
INSERT INTO Diagnosi
VALUES('aaa0013', 0.5, 0.5);
INSERT INTO Diagnosi
VALUES('aaa0014', 0.5, 0.5);
INSERT INTO Diagnosi
VALUES('aaa0015', 0.5, 0.5);
INSERT INTO Diagnosi
VALUES('aaa0016', 0.5, 0.5);
INSERT INTO Diagnosi
VALUES('aaa0017', 0.5, 0.5);
INSERT INTO Diagnosi
VALUES('aaa0018', 0.5, 0.5);
INSERT INTO Diagnosi
VALUES('aaa0019', 0.5, 0.5);
INSERT INTO Diagnosi
VALUES('aaa0020', 0.5, 0.5);
INSERT INTO Diagnosi
VALUES('aaa0021', 0.5, 0.5);
INSERT INTO Diagnosi
VALUES('aaa0022', 0.5, 0.5);
INSERT INTO Diagnosi
VALUES('aaa0023', 0.5, 0.5);
INSERT INTO Diagnosi
VALUES('aaa0024', 0.5, 0.5);
INSERT INTO Diagnosi
VALUES('aaa0025', 0.5, 0.5);
INSERT INTO Diagnosi
VALUES('aaa0026', 0.5, 0.5);
INSERT INTO Diagnosi
VALUES('aaa0027', 0.5, 0.5);
INSERT INTO Diagnosi
VALUES('aaa0028', 0.5, 0.5);
INSERT INTO Diagnosi
VALUES('aaa0029', 0.5, 0.5);
INSERT INTO Diagnosi
VALUES('aaa0030', 0.5, 0.5);
INSERT INTO Diagnosi
VALUES('aaa0031', 0.5, 0.5);
INSERT INTO Diagnosi
VALUES('aaa0032', 0.5, 0.5);
INSERT INTO Diagnosi
VALUES('aaa0033', 0.5, 0.5);
INSERT INTO Diagnosi
VALUES('aaa0034', 0.5, 0.5);
INSERT INTO Diagnosi
VALUES('aaa0035', 0.5, 0.5);
INSERT INTO diagnosi
VALUES('aaa0036', 0.5, 0.5);
INSERT INTO Diagnosi
VALUES('aaa0037', 0.5, 0.5);
INSERT INTO Diagnosi
VALUES('aaa0038', 0.5, 0.5);
INSERT INTO Diagnosi
VALUES('aaa0039', 0.5, 0.5);
INSERT INTO Diagnosi
VALUES('aaa0040', 0.5, 0.5);
INSERT INTO Diagnosi
VALUES('aaa0041', 0.5, 0.5);
INSERT INTO diagnosi
VALUES('aaa0042', 0.5, 0.5);
INSERT INTO Diagnosi
VALUES('aaa0043', 0.5, 0.5);
INSERT INTO Diagnosi
VALUES('aaa0044', 0.5, 0.5);
INSERT INTO Diagnosi
VALUES('aaa0045', 0.5, 0.5);
INSERT INTO Diagnosi
VALUES('aaa0046', 0.5, 0.5);
INSERT INTO diagnosi
VALUES('aaa0047', 0.5, 0.5);
INSERT INTO Diagnosi
VALUES('aaa0048', 0.5, 0.5);
INSERT INTO Diagnosi
VALUES('aaa0049', 0.5, 0.5);
INSERT INTO Diagnosi
VALUES('aaa0050', 0.5, 0.5);
INSERT INTO diagnosi
VALUES('aaa0051', 0.5, 0.5);
INSERT INTO diagnosi
VALUES('aaa0052', 0.5, 0.5);
INSERT INTO diagnosi
VALUES('aaa0053', 0.5, 0.5);
INSERT INTO diagnosi
VALUES('aaa0054', 0.5, 0.5);
INSERT INTO diagnosi
VALUES('aaa0055', 0.5, 0.5);
INSERT INTO diagnosi
VALUES('aaa0056', 0.5, 0.5);
INSERT INTO diagnosi
VALUES('aaa0057', 0.5, 0.5);
INSERT INTO diagnosi
VALUES('aaa0058', 0.5, 0.5);
INSERT INTO diagnosi
VALUES('aaa0059', 0.5, 0.5);
INSERT INTO diagnosi
VALUES('aaa0060', 0.5, 0.5);
INSERT INTO diagnosi
VALUES('aaa0061', 0.5, 0.5);
INSERT INTO diagnosi
VALUES('aaa0062', 0.5, 0.5);
INSERT INTO diagnosi
VALUES('aaa0063', 0.5, 0.5);
INSERT INTO diagnosi
VALUES('aaa0064', 0.5, 0.5);
INSERT INTO diagnosi
VALUES('aaa0065', 0.5, 0.5);
INSERT INTO diagnosi
VALUES('aaa0066', 0.5, 0.5);
INSERT INTO diagnosi
VALUES('aaa0067', 0.5, 0.5);
INSERT INTO diagnosi
VALUES('aaa0068', 0.5, 0.5);
INSERT INTO diagnosi
VALUES('aaa0069', 0.5, 0.5);
INSERT INTO diagnosi
VALUES('aaa0070', 0.5, 0.5);
INSERT INTO diagnosi
VALUES('aaa0071', 0.5, 0.5);
INSERT INTO diagnosi
VALUES('aaa0072', 0.5, 0.5);
INSERT INTO diagnosi
VALUES('aaa0073', 0.5, 0.5);
INSERT INTO diagnosi
VALUES('aaa0074', 0.5, 0.5);
INSERT INTO diagnosi
VALUES('aaa0075', 0.5, 0.5);
INSERT INTO diagnosi
VALUES('aaa0076', 0.5, 0.5);
INSERT INTO diagnosi
VALUES('aaa0077', 0.5, 0.5);
INSERT INTO diagnosi
VALUES('aaa0078', 0.5, 0.5);
INSERT INTO diagnosi
VALUES('aaa0079', 0.5, 0.5);
INSERT INTO diagnosi
VALUES('aaa0080', 0.5, 0.5);
INSERT INTO diagnosi
VALUES('aaa0081', 0.5, 0.5);
INSERT INTO diagnosi
VALUES('aaa0082', 0.5, 0.5);
INSERT INTO diagnosi
VALUES('aaa0083', 0.5, 0.5);
INSERT INTO diagnosi
VALUES('aaa0084', 0.5, 0.5);
INSERT INTO diagnosi
VALUES('aaa0085', 0.5, 0.5);
INSERT INTO diagnosi
VALUES('aaa0086', 0.5, 0.5);
INSERT INTO diagnosi
VALUES('aaa0087', 0.5, 0.5);
INSERT INTO diagnosi
VALUES('aaa0088', 0.5, 0.5);
INSERT INTO diagnosi
VALUES('aaa0089', 0.5, 0.5);
INSERT INTO diagnosi
VALUES('aaa0090', 0.5, 0.5);
INSERT INTO diagnosi
VALUES('aaa0091', 0.5, 0.5);
INSERT INTO diagnosi
VALUES('aaa0092', 0.5, 0.5);
INSERT INTO diagnosi
VALUES('aaa0093', 0.5, 0.5);
INSERT INTO diagnosi
VALUES('aaa0094', 0.5, 0.5);
INSERT INTO diagnosi
VALUES('aaa0095', 0.5, 0.5);
INSERT INTO diagnosi
VALUES('aaa0096', 0.5, 0.5);
INSERT INTO diagnosi
VALUES('aaa0097', 0.5, 0.5);
INSERT INTO diagnosi
VALUES('aaa0098', 0.5, 0.5);
INSERT INTO diagnosi
VALUES('aaa0099', 0.5, 0.5);
INSERT INTO diagnosi
VALUES('aaa0100', 0.5, 0.5);
INSERT INTO diagnosi
VALUES('aaa0101', 0.5, 0.5);
INSERT INTO diagnosi
VALUES('aaa0102', 0.5, 0.5);
INSERT INTO diagnosi
VALUES('aaa0103', 0.5, 0.5);
INSERT INTO diagnosi
VALUES('aaa0104', 0.5, 0.5);
INSERT INTO diagnosi
VALUES('aaa0105', 0.5, 0.5);
INSERT INTO diagnosi
VALUES('aaa0106', 0.5, 0.5);
INSERT INTO diagnosi
VALUES('aaa0107', 0.5, 0.5);
INSERT INTO diagnosi
VALUES('aaa0108', 0.5, 0.5);
INSERT INTO diagnosi
VALUES('aaa0109', 0.5, 0.5);
INSERT INTO diagnosi
VALUES('aaa0110', 0.5, 0.5);
INSERT INTO diagnosi
VALUES('aaa0111', 0.5, 0.5);
INSERT INTO diagnosi
VALUES('aaa0112', 0.5, 0.5);
INSERT INTO diagnosi
VALUES('aaa0113', 0.5, 0.5);
INSERT INTO diagnosi
VALUES('aaa0114', 0.5, 0.5);
INSERT INTO diagnosi
VALUES('aaa0115', 0.5, 0.5);
INSERT INTO diagnosi
VALUES('aaa0116', 0.5, 0.5);
INSERT INTO diagnosi
VALUES('aaa0117', 0.5, 0.5);
INSERT INTO diagnosi
VALUES('aaa0118', 0.5, 0.5);
INSERT INTO diagnosi
VALUES('aaa0119', 0.5, 0.5);
INSERT INTO diagnosi
VALUES('aaa0120', 0.5, 0.5);


-- indicatori soggettivi
INSERT INTO Indicatori_Soggettivi
VALUES('aaa0000', 'Buona','Buona', 'Ottima', 'Regolare', 'Buona');
INSERT INTO Indicatori_Soggettivi
VALUES('aaa0001', 'Buona','Buona', 'Ottima', 'Regolare', 'Buona');
INSERT INTO indicatori_soggettivi
VALUES('aaa0002', 'Buona','Buona', 'Ottima', 'Regolare', 'Buona');
INSERT INTO indicatori_soggettivi
VALUES('aaa0003', 'Buona','Buona', 'Ottima', 'Regolare', 'Buona');
INSERT INTO Indicatori_Soggettivi
VALUES('aaa0004', 'Buona','Buona', 'Ottima', 'Regolare', 'Buona');
INSERT INTO Indicatori_Soggettivi
VALUES('aaa0005', 'Buona','Buona', 'Ottima', 'Regolare', 'Buona');
INSERT INTO Indicatori_Soggettivi
VALUES('aaa0006', 'Buona','Buona', 'Ottima', 'Regolare', 'Buona');
INSERT INTO indicatori_soggettivi
VALUES('aaa0007', 'Buona','Buona', 'Ottima', 'Regolare', 'Buona');
INSERT INTO indicatori_soggettivi
VALUES('aaa0008', 'Buona','Buona', 'Ottima', 'Regolare', 'Buona');
INSERT INTO Indicatori_Soggettivi
VALUES('aaa0009', 'Buona','Buona', 'Ottima', 'Regolare', 'Buona');
INSERT INTO Indicatori_Soggettivi
VALUES('aaa0010', 'Buona','Buona', 'Ottima', 'Regolare', 'Buona');
INSERT INTO Indicatori_Soggettivi
VALUES('aaa0011', 'Buona','Buona', 'Ottima', 'Regolare', 'Buona');
INSERT INTO indicatori_soggettivi
VALUES('aaa0012', 'Buona','Buona', 'Ottima', 'Regolare', 'Buona');
INSERT INTO indicatori_soggettivi
VALUES('aaa0013', 'Buona','Buona', 'Ottima', 'Regolare', 'Buona');
INSERT INTO indicatori_soggettivi
VALUES('aaa0014', 'Buona','Buona', 'Ottima', 'Regolare', 'Buona');
INSERT INTO Indicatori_Soggettivi
VALUES('aaa0015', 'Buona','Buona', 'Ottima', 'Regolare', 'Buona');
INSERT INTO Indicatori_Soggettivi
VALUES('aaa0016', 'Buona','Buona', 'Ottima', 'Regolare', 'Buona');
INSERT INTO indicatori_soggettivi
VALUES('aaa0017', 'Buona','Buona', 'Ottima', 'Regolare', 'Buona');
INSERT INTO indicatori_soggettivi
VALUES('aaa0018', 'Buona','Buona', 'Ottima', 'Regolare', 'Buona');
INSERT INTO Indicatori_Soggettivi
VALUES('aaa0019', 'Buona','Buona', 'Ottima', 'Regolare', 'Buona');
INSERT INTO Indicatori_Soggettivi
VALUES('aaa0020', 'Buona','Buona', 'Ottima', 'Regolare', 'Buona');
INSERT INTO Indicatori_Soggettivi
VALUES('aaa0021', 'Buona','Buona', 'Ottima', 'Regolare', 'Buona');
INSERT INTO indicatori_soggettivi
VALUES('aaa0022', 'Buona','Buona', 'Ottima', 'Regolare', 'Buona');
INSERT INTO indicatori_soggettivi
VALUES('aaa0023', 'Buona','Buona', 'Ottima', 'Regolare', 'Buona');
INSERT INTO Indicatori_Soggettivi
VALUES('aaa0024', 'Buona','Buona', 'Ottima', 'Regolare', 'Buona');
INSERT INTO Indicatori_Soggettivi
VALUES('aaa0025', 'Buona','Buona', 'Ottima', 'Regolare', 'Buona');
INSERT INTO Indicatori_Soggettivi
VALUES('aaa0026', 'Buona','Buona', 'Ottima', 'Regolare', 'Buona');
INSERT INTO indicatori_soggettivi
VALUES('aaa0027', 'Buona','Buona', 'Ottima', 'Regolare', 'Buona');
INSERT INTO indicatori_soggettivi
VALUES('aaa0028', 'Buona','Buona', 'Ottima', 'Regolare', 'Buona');
INSERT INTO Indicatori_Soggettivi
VALUES('aaa0029', 'Buona','Buona', 'Ottima', 'Regolare', 'Buona');
INSERT INTO Indicatori_Soggettivi
VALUES('aaa0030', 'Buona','Buona', 'Ottima', 'Regolare', 'Buona');
INSERT INTO Indicatori_Soggettivi
VALUES('aaa0031', 'Buona','Buona', 'Ottima', 'Regolare', 'Buona');
INSERT INTO indicatori_soggettivi
VALUES('aaa0032', 'Buona','Buona', 'Ottima', 'Regolare', 'Buona');
INSERT INTO indicatori_soggettivi
VALUES('aaa0033', 'Buona','Buona', 'Ottima', 'Regolare', 'Buona');
INSERT INTO indicatori_soggettivi
VALUES('aaa0034', 'Buona','Buona', 'Ottima', 'Regolare', 'Buona');
INSERT INTO Indicatori_Soggettivi
VALUES('aaa0035', 'Buona','Buona', 'Ottima', 'Regolare', 'Buona');
INSERT INTO Indicatori_Soggettivi
VALUES('aaa0036', 'Buona','Buona', 'Ottima', 'Regolare', 'Buona');
INSERT INTO indicatori_soggettivi
VALUES('aaa0037', 'Buona','Buona', 'Ottima', 'Regolare', 'Buona');
INSERT INTO indicatori_soggettivi
VALUES('aaa0038', 'Buona','Buona', 'Ottima', 'Regolare', 'Buona');
INSERT INTO Indicatori_Soggettivi
VALUES('aaa0039', 'Buona','Buona', 'Ottima', 'Regolare', 'Buona');
INSERT INTO Indicatori_Soggettivi
VALUES('aaa0040', 'Buona','Buona', 'Ottima', 'Regolare', 'Buona');
INSERT INTO Indicatori_Soggettivi
VALUES('aaa0041', 'Buona','Buona', 'Ottima', 'Regolare', 'Buona');
INSERT INTO indicatori_soggettivi
VALUES('aaa0042', 'Buona','Buona', 'Ottima', 'Regolare', 'Buona');
INSERT INTO indicatori_soggettivi
VALUES('aaa0043', 'Buona','Buona', 'Ottima', 'Regolare', 'Buona');
INSERT INTO Indicatori_Soggettivi
VALUES('aaa0044', 'Buona','Buona', 'Ottima', 'Regolare', 'Buona');
INSERT INTO Indicatori_Soggettivi
VALUES('aaa0045', 'Buona','Buona', 'Ottima', 'Regolare', 'Buona');
INSERT INTO Indicatori_Soggettivi
VALUES('aaa0046', 'Buona','Buona', 'Ottima', 'Regolare', 'Buona');
INSERT INTO indicatori_soggettivi
VALUES('aaa0047', 'Buona','Buona', 'Ottima', 'Regolare', 'Buona');
INSERT INTO indicatori_soggettivi
VALUES('aaa0048', 'Buona','Buona', 'Ottima', 'Regolare', 'Buona');
INSERT INTO Indicatori_Soggettivi
VALUES('aaa0049', 'Buona','Buona', 'Ottima', 'Regolare', 'Buona');
INSERT INTO Indicatori_Soggettivi
VALUES('aaa0050', 'Buona','Buona', 'Ottima', 'Regolare', 'Buona');
INSERT INTO Indicatori_Soggettivi
VALUES('aaa0051', 'Buona','Buona', 'Ottima', 'Regolare', 'Buona');
INSERT INTO indicatori_soggettivi
VALUES('aaa0052', 'Buona','Buona', 'Ottima', 'Regolare', 'Buona');
INSERT INTO indicatori_soggettivi
VALUES('aaa0053', 'Buona','Buona', 'Ottima', 'Regolare', 'Buona');
INSERT INTO indicatori_soggettivi
VALUES('aaa0054', 'Buona','Buona', 'Ottima', 'Regolare', 'Buona');
INSERT INTO Indicatori_Soggettivi
VALUES('aaa0055', 'Buona','Buona', 'Ottima', 'Regolare', 'Buona');
INSERT INTO Indicatori_Soggettivi
VALUES('aaa0056', 'Buona','Buona', 'Ottima', 'Regolare', 'Buona');
INSERT INTO indicatori_soggettivi
VALUES('aaa0057', 'Buona','Buona', 'Ottima', 'Regolare', 'Buona');
INSERT INTO indicatori_soggettivi
VALUES('aaa0058', 'Buona','Buona', 'Ottima', 'Regolare', 'Buona');
INSERT INTO Indicatori_Soggettivi
VALUES('aaa0059', 'Buona','Buona', 'Ottima', 'Regolare', 'Buona');
INSERT INTO Indicatori_Soggettivi
VALUES('aaa0060', 'Buona','Buona', 'Ottima', 'Regolare', 'Buona');
INSERT INTO Indicatori_Soggettivi
VALUES('aaa0061', 'Buona','Buona', 'Ottima', 'Regolare', 'Buona');
INSERT INTO indicatori_soggettivi
VALUES('aaa0062', 'Buona','Buona', 'Ottima', 'Regolare', 'Buona');
INSERT INTO indicatori_soggettivi
VALUES('aaa0063', 'Buona','Buona', 'Ottima', 'Regolare', 'Buona');
INSERT INTO indicatori_soggettivi
VALUES('aaa0064', 'Buona','Buona', 'Ottima', 'Regolare', 'Buona');
INSERT INTO Indicatori_Soggettivi
VALUES('aaa0065', 'Buona','Buona', 'Ottima', 'Regolare', 'Buona');
INSERT INTO indicatori_soggettivi
VALUES('aaa0066', 'Buona','Buona', 'Ottima', 'Regolare', 'Buona');
INSERT INTO indicatori_soggettivi
VALUES('aaa0067', 'Buona','Buona', 'Ottima', 'Regolare', 'Buona');
INSERT INTO indicatori_soggettivi
VALUES('aaa0068', 'Buona','Buona', 'Ottima', 'Regolare', 'Buona');
INSERT INTO Indicatori_Soggettivi
VALUES('aaa0069', 'Buona','Buona', 'Ottima', 'Regolare', 'Buona');
INSERT INTO Indicatori_Soggettivi
VALUES('aaa0070', 'Buona','Buona', 'Ottima', 'Regolare', 'Buona');
INSERT INTO Indicatori_Soggettivi
VALUES('aaa0071', 'Buona','Buona', 'Ottima', 'Regolare', 'Buona');
INSERT INTO indicatori_soggettivi
VALUES('aaa0072', 'Buona','Buona', 'Ottima', 'Regolare', 'Buona');
INSERT INTO indicatori_soggettivi
VALUES('aaa0073', 'Buona','Buona', 'Ottima', 'Regolare', 'Buona');
INSERT INTO indicatori_soggettivi
VALUES('aaa0074', 'Buona','Buona', 'Ottima', 'Regolare', 'Buona');
INSERT INTO Indicatori_Soggettivi
VALUES('aaa0075', 'Buona','Buona', 'Ottima', 'Regolare', 'Buona');
INSERT INTO Indicatori_Soggettivi
VALUES('aaa0076', 'Buona','Buona', 'Ottima', 'Regolare', 'Buona');
INSERT INTO indicatori_soggettivi
VALUES('aaa0077', 'Buona','Buona', 'Ottima', 'Regolare', 'Buona');
INSERT INTO indicatori_soggettivi
VALUES('aaa0078', 'Buona','Buona', 'Ottima', 'Regolare', 'Buona');
INSERT INTO Indicatori_Soggettivi
VALUES('aaa0079', 'Buona','Buona', 'Ottima', 'Regolare', 'Buona');
INSERT INTO Indicatori_Soggettivi
VALUES('aaa0080', 'Buona','Buona', 'Ottima', 'Regolare', 'Buona');
INSERT INTO Indicatori_Soggettivi
VALUES('aaa0081', 'Buona','Buona', 'Ottima', 'Regolare', 'Buona');
INSERT INTO indicatori_soggettivi
VALUES('aaa0082', 'Buona','Buona', 'Ottima', 'Regolare', 'Buona');
INSERT INTO indicatori_soggettivi
VALUES('aaa0083', 'Buona','Buona', 'Ottima', 'Regolare', 'Buona');
INSERT INTO Indicatori_Soggettivi
VALUES('aaa0084', 'Buona','Buona', 'Ottima', 'Regolare', 'Buona');
INSERT INTO Indicatori_Soggettivi
VALUES('aaa0085', 'Buona','Buona', 'Ottima', 'Regolare', 'Buona');
INSERT INTO Indicatori_Soggettivi
VALUES('aaa0086', 'Buona','Buona', 'Ottima', 'Regolare', 'Buona');
INSERT INTO indicatori_soggettivi
VALUES('aaa0087', 'Buona','Buona', 'Ottima', 'Regolare', 'Buona');
INSERT INTO indicatori_soggettivi
VALUES('aaa0088', 'Buona','Buona', 'Ottima', 'Regolare', 'Buona');
INSERT INTO Indicatori_Soggettivi
VALUES('aaa0089', 'Buona','Buona', 'Ottima', 'Regolare', 'Buona');
INSERT INTO Indicatori_Soggettivi
VALUES('aaa0090', 'Buona','Buona', 'Ottima', 'Regolare', 'Buona');
INSERT INTO Indicatori_Soggettivi
VALUES('aaa0091', 'Buona','Buona', 'Ottima', 'Regolare', 'Buona');
INSERT INTO indicatori_soggettivi
VALUES('aaa0092', 'Buona','Buona', 'Ottima', 'Regolare', 'Buona');
INSERT INTO indicatori_soggettivi
VALUES('aaa0093', 'Buona','Buona', 'Ottima', 'Regolare', 'Buona');
INSERT INTO indicatori_soggettivi
VALUES('aaa0094', 'Buona','Buona', 'Ottima', 'Regolare', 'Buona');
INSERT INTO Indicatori_Soggettivi
VALUES('aaa0095', 'Buona','Buona', 'Ottima', 'Regolare', 'Buona');
INSERT INTO Indicatori_Soggettivi
VALUES('aaa0096', 'Buona','Buona', 'Ottima', 'Regolare', 'Buona');
INSERT INTO indicatori_soggettivi
VALUES('aaa0097', 'Buona','Buona', 'Ottima', 'Regolare', 'Buona');
INSERT INTO indicatori_soggettivi
VALUES('aaa0098', 'Buona','Buona', 'Ottima', 'Regolare', 'Buona');
INSERT INTO Indicatori_Soggettivi
VALUES('aaa0099', 'Buona','Buona', 'Ottima', 'Regolare', 'Buona');
INSERT INTO Indicatori_Soggettivi
VALUES('aaa0100', 'Buona','Buona', 'Ottima', 'Regolare', 'Buona');
INSERT INTO Indicatori_Soggettivi
VALUES('aaa0101', 'Buona','Buona', 'Ottima', 'Regolare', 'Buona');
INSERT INTO indicatori_soggettivi
VALUES('aaa0102', 'Buona','Buona', 'Ottima', 'Regolare', 'Buona');
INSERT INTO indicatori_soggettivi
VALUES('aaa0103', 'Buona','Buona', 'Ottima', 'Regolare', 'Buona');
INSERT INTO Indicatori_Soggettivi
VALUES('aaa0104', 'Buona','Buona', 'Ottima', 'Regolare', 'Buona');
INSERT INTO Indicatori_Soggettivi
VALUES('aaa0105', 'Buona','Buona', 'Ottima', 'Regolare', 'Buona');
INSERT INTO Indicatori_Soggettivi
VALUES('aaa0106', 'Buona','Buona', 'Ottima', 'Regolare', 'Buona');
INSERT INTO indicatori_soggettivi
VALUES('aaa0107', 'Buona','Buona', 'Ottima', 'Regolare', 'Buona');
INSERT INTO indicatori_soggettivi
VALUES('aaa0108', 'Buona','Buona', 'Ottima', 'Regolare', 'Buona');
INSERT INTO Indicatori_Soggettivi
VALUES('aaa0109', 'Buona','Buona', 'Ottima', 'Regolare', 'Buona');
INSERT INTO Indicatori_Soggettivi
VALUES('aaa0110', 'Buona','Buona', 'Ottima', 'Regolare', 'Buona');
INSERT INTO Indicatori_Soggettivi
VALUES('aaa0111', 'Buona','Buona', 'Ottima', 'Regolare', 'Buona');
INSERT INTO indicatori_soggettivi
VALUES('aaa0112', 'Buona','Buona', 'Ottima', 'Regolare', 'Buona');
INSERT INTO indicatori_soggettivi
VALUES('aaa0113', 'Buona','Buona', 'Ottima', 'Regolare', 'Buona');
INSERT INTO indicatori_soggettivi
VALUES('aaa0114', 'Buona','Buona', 'Ottima', 'Regolare', 'Buona');
INSERT INTO Indicatori_Soggettivi
VALUES('aaa0115', 'Buona','Buona', 'Ottima', 'Regolare', 'Buona');
INSERT INTO indicatori_soggettivi
VALUES('aaa0116', 'Buona','Buona', 'Ottima', 'Regolare', 'Buona');
INSERT INTO indicatori_soggettivi
VALUES('aaa0117', 'Buona','Buona', 'Ottima', 'Regolare', 'Buona');
INSERT INTO indicatori_soggettivi
VALUES('aaa0118', 'Buona','Buona', 'Ottima', 'Regolare', 'Buona');
INSERT INTO Indicatori_Soggettivi
VALUES('aaa0119', 'Buona','Buona', 'Ottima', 'Regolare', 'Buona');
INSERT INTO Indicatori_Soggettivi
VALUES('aaa0120', 'Buona','Buona', 'Ottima', 'Regolare', 'Buona');

-- lesioni
INSERT INTO Lesioni
VALUES('aaa0000','Femore', 'Frattura');

-- rilevazione lesioni
INSERT INTO Rilevazione_Lesioni
VALUES('aaa0064', 'aaa0000', 'Grave');

-- disturbi
INSERT INTO Disturbi_Comportamentali
VALUES ('Schizofrenia');

-- rilevazione disturbi
INSERT INTO Rilevazione_Disturbi
VALUES('aaa0007', 'Schizofrenia', 'Grave');
-- patologia
INSERT INTO Patologia
VALUES('Bronchite');
INSERT INTO Patologia
VALUES('Gastrite');
INSERT INTO Patologia
VALUES('Dissenteria');

-- patologie rilevate
INSERT INTO Patologie_Rilevate
VALUES('aaa0000', '2015-01-10', '2015-03-10', 'aaa0002', 'aaa0001', 'Bronchite');
INSERT INTO Patologie_Rilevate
VALUES('aaa0001', '2015-01-11', '2015-03-11', 'aaa0002', 'aaa0121', 'Gastrite');
INSERT INTO Patologie_Rilevate
VALUES('aaa0002', '2015-01-19', '2015-03-19', 'aaa0002', 'aaa0241', 'Dissenteria');


-- RILEVAZIONE PAT
INSERT INTO Rilevazione_Patologie
VALUES('aaa0000','aaa0002');
INSERT INTO Rilevazione_Patologie
VALUES('aaa0000','aaa0003');
INSERT INTO Rilevazione_Patologie
VALUES('aaa0001','aaa0059');
INSERT INTO Rilevazione_Patologie
VALUES('aaa0001','aaa0060');
INSERT INTO Rilevazione_Patologie
VALUES('aaa0002','aaa0085');
INSERT INTO Rilevazione_Patologie
VALUES('aaa0002','aaa0086');

-- terapie
INSERT INTO Terapia
VALUES('aaa0000', 'aaa0000', '2015-01-11', 25);
INSERT INTO Terapia
VALUES('aaa0001', 'aaa0000', '2015-02-11', 25);
INSERT INTO Terapia
VALUES('aaa0002', 'aaa0001', '2015-01-12', 25);
INSERT INTO Terapia
VALUES('aaa0003', 'aaa0001', '2015-02-12', 25);
INSERT INTO Terapia
VALUES('aaa0004', 'aaa0002', '2015-01-20', 25);
INSERT INTO Terapia
VALUES('aaa0005', 'aaa0002', '2015-02-20', 25);

-- farmaci
INSERT INTO Farmaco
VALUES('Cortison30', 'Cortisone');
INSERT INTO Farmaco
VALUES('Ranidil', 'Ranitidina');
INSERT INTO Farmaco
VALUES('Enteromicro', 'Fermenti lattici');

-- posologia farmaco
INSERT INTO Posologia_Farmaco
VALUES('aaa0000', 'aaa0000', 'Cortison30', 0);
INSERT INTO Posologia_Farmaco
VALUES('aaa0001', 'aaa0001', 'Cortison30', 0);
INSERT INTO Posologia_Farmaco
VALUES('aaa0002', 'aaa0002', 'Ranidil', 0);
INSERT INTO Posologia_Farmaco
VALUES('aaa0003', 'aaa0003', 'Ranidil', 0);
INSERT INTO Posologia_Farmaco
VALUES('aaa0004', 'aaa0004', 'Enteromicro', 0);
INSERT INTO Posologia_Farmaco
VALUES('aaa0005', 'aaa0005', 'Enteromicro', 0);

-- somministrazione
INSERT INTO Somministrazione_Per_Ora
VALUES('aaa0000','2015-01-11 10:00:00', '1');
INSERT INTO Somministrazione_Per_Ora
VALUES('aaa0000','2015-01-12 10:00:00', '1');
INSERT INTO Somministrazione_Per_Ora
VALUES('aaa0000','2015-01-13 10:00:00', '1');
INSERT INTO Somministrazione_Per_Ora
VALUES('aaa0000','2015-01-14 10:00:00', '1');
INSERT INTO Somministrazione_Per_Ora
VALUES('aaa0000','2015-01-15 10:00:00', '1');
INSERT INTO Somministrazione_Per_Ora
VALUES('aaa0000','2015-01-16 10:00:00', '1');
INSERT INTO Somministrazione_Per_Ora
VALUES('aaa0000','2015-01-17 10:00:00', '1');
INSERT INTO Somministrazione_Per_Ora
VALUES('aaa0000','2015-01-18 10:00:00', '1');
INSERT INTO Somministrazione_Per_Ora
VALUES('aaa0000','2015-01-19 10:00:00', '1');
INSERT INTO Somministrazione_Per_Ora
VALUES('aaa0000','2015-01-20 10:00:00', '1');
INSERT INTO Somministrazione_Per_Ora
VALUES('aaa0000','2015-01-21 10:00:00', '1');
INSERT INTO Somministrazione_Per_Ora
VALUES('aaa0000','2015-01-22 10:00:00', '1');
INSERT INTO Somministrazione_Per_Ora
VALUES('aaa0000','2015-01-23 10:00:00', '1');
INSERT INTO somministrazione_per_ora
VALUES('aaa0000','2015-01-24 10:00:00', '1');
INSERT INTO Somministrazione_Per_Ora
VALUES('aaa0000','2015-01-25 10:00:00', '1');
INSERT INTO Somministrazione_Per_Ora
VALUES('aaa0000','2015-01-26 10:00:00', '1');
INSERT INTO Somministrazione_Per_Ora
VALUES('aaa0000','2015-01-27 10:00:00', '1');
INSERT INTO Somministrazione_Per_Ora
VALUES('aaa0000','2015-01-28 10:00:00', '1');
INSERT INTO Somministrazione_Per_Ora
VALUES('aaa0000','2015-01-29 10:00:00', '1');
INSERT INTO somministrazione_per_ora
VALUES('aaa0000','2015-01-30 10:00:00', '1');
INSERT INTO Somministrazione_Per_Ora
VALUES('aaa0000','2015-01-31 10:00:00', '1');
INSERT INTO somministrazione_per_ora
VALUES('aaa0000','2015-02-01 10:00:00', '1');
INSERT INTO Somministrazione_Per_Ora
VALUES('aaa0000','2015-02-02 10:00:00', '1');
INSERT INTO Somministrazione_Per_Ora
VALUES('aaa0000','2015-02-03 10:00:00', '1');
INSERT INTO Somministrazione_Per_Ora
VALUES('aaa0000','2015-02-04 10:00:00', '1');
INSERT INTO Somministrazione_Per_Ora
VALUES('aaa0001','2015-02-11 10:00:00', '1');
INSERT INTO Somministrazione_Per_Ora
VALUES('aaa0001','2015-02-12 10:00:00', '1');
INSERT INTO Somministrazione_Per_Ora
VALUES('aaa0001','2015-02-13 10:00:00', '1');
INSERT INTO Somministrazione_Per_Ora
VALUES('aaa0001','2015-02-14 10:00:00', '1');
INSERT INTO Somministrazione_Per_Ora
VALUES('aaa0001','2015-02-15 10:00:00', '1');
INSERT INTO somministrazione_per_ora
VALUES('aaa0001','2015-02-16 10:00:00', '1');
INSERT INTO Somministrazione_Per_Ora
VALUES('aaa0001','2015-02-17 10:00:00', '1');
INSERT INTO Somministrazione_Per_Ora
VALUES('aaa0001','2015-02-18 10:00:00', '1');
INSERT INTO Somministrazione_Per_Ora
VALUES('aaa0001','2015-02-19 10:00:00', '1');
INSERT INTO Somministrazione_Per_Ora
VALUES('aaa0001','2015-02-20 10:00:00', '1');
INSERT INTO Somministrazione_Per_Ora
VALUES('aaa0001','2015-02-21 10:00:00', '1');
INSERT INTO Somministrazione_Per_Ora
VALUES('aaa0001','2015-02-22 10:00:00', '1');
INSERT INTO Somministrazione_Per_Ora
VALUES('aaa0001','2015-02-23 10:00:00', '1');
INSERT INTO somministrazione_per_ora
VALUES('aaa0001','2015-02-24 10:00:00', '1');
INSERT INTO somministrazione_per_ora
VALUES('aaa0001','2015-02-25 10:00:00', '1');
INSERT INTO Somministrazione_Per_Ora
VALUES('aaa0001','2015-02-26 10:00:00', '1');
INSERT INTO somministrazione_per_ora
VALUES('aaa0001','2015-02-27 10:00:00', '1');
INSERT INTO somministrazione_per_ora
VALUES('aaa0001','2015-02-28 10:00:00', '1');
INSERT INTO Somministrazione_Per_Ora
VALUES('aaa0001','2015-03-01 10:00:00', '1');
INSERT INTO somministrazione_per_ora
VALUES('aaa0001','2015-03-02 10:00:00', '1');
INSERT INTO Somministrazione_Per_Ora
VALUES('aaa0001','2015-03-03 10:00:00', '1');
INSERT INTO somministrazione_per_ora
VALUES('aaa0001','2015-03-04 10:00:00', '1');
INSERT INTO Somministrazione_Per_Ora
VALUES('aaa0001','2015-03-05 10:00:00', '1');
INSERT INTO Somministrazione_Per_Ora
VALUES('aaa0001','2015-03-06 10:00:00', '1');
INSERT INTO Somministrazione_Per_Ora
VALUES('aaa0001','2015-03-07 10:00:00', '1');
INSERT INTO Somministrazione_Per_Ora
VALUES('aaa0002','2015-01-12 10:00:00', '1');
INSERT INTO Somministrazione_Per_Ora
VALUES('aaa0002','2015-01-13 10:00:00', '1');
INSERT INTO Somministrazione_Per_Ora
VALUES('aaa0002','2015-01-14 10:00:00', '1');
INSERT INTO somministrazione_per_ora
VALUES('aaa0002','2015-01-15 10:00:00', '1');
INSERT INTO Somministrazione_Per_Ora
VALUES('aaa0002','2015-01-16 10:00:00', '1');
INSERT INTO Somministrazione_Per_Ora
VALUES('aaa0002','2015-01-17 10:00:00', '1');
INSERT INTO Somministrazione_Per_Ora
VALUES('aaa0002','2015-01-18 10:00:00', '1');
INSERT INTO Somministrazione_Per_Ora
VALUES('aaa0002','2015-01-19 10:00:00', '1');
INSERT INTO Somministrazione_Per_Ora
VALUES('aaa0002','2015-01-20 10:00:00', '1');
INSERT INTO Somministrazione_Per_Ora
VALUES('aaa0002','2015-01-21 10:00:00', '1');
INSERT INTO somministrazione_per_ora
VALUES('aaa0002','2015-01-22 10:00:00', '1');
INSERT INTO Somministrazione_Per_Ora
VALUES('aaa0002','2015-01-23 10:00:00', '1');
INSERT INTO somministrazione_per_ora
VALUES('aaa0002','2015-01-24 10:00:00', '1');
INSERT INTO Somministrazione_Per_Ora
VALUES('aaa0002','2015-01-25 10:00:00', '1');
INSERT INTO Somministrazione_Per_Ora
VALUES('aaa0002','2015-01-26 10:00:00', '1');
INSERT INTO Somministrazione_Per_Ora
VALUES('aaa0002','2015-01-27 10:00:00', '1');
INSERT INTO Somministrazione_Per_Ora
VALUES('aaa0002','2015-01-28 10:00:00', '1');
INSERT INTO Somministrazione_Per_Ora
VALUES('aaa0002','2015-01-29 10:00:00', '1');
INSERT INTO somministrazione_per_ora
VALUES('aaa0002','2015-01-30 10:00:00', '1');
INSERT INTO Somministrazione_Per_Ora
VALUES('aaa0002','2015-01-31 10:00:00', '1');
INSERT INTO somministrazione_per_ora
VALUES('aaa0002','2015-02-01 10:00:00', '1');
INSERT INTO Somministrazione_Per_Ora
VALUES('aaa0002','2015-02-02 10:00:00', '1');
INSERT INTO Somministrazione_Per_Ora
VALUES('aaa0002','2015-02-03 10:00:00', '1');
INSERT INTO Somministrazione_Per_Ora
VALUES('aaa0002','2015-02-04 10:00:00', '1');
INSERT INTO Somministrazione_Per_Ora
VALUES('aaa0002','2015-02-05 10:00:00', '1');
INSERT INTO Somministrazione_Per_Ora
VALUES('aaa0003','2015-02-12 10:00:00', '1');
INSERT INTO Somministrazione_Per_Ora
VALUES('aaa0003','2015-02-13 10:00:00', '1');
INSERT INTO Somministrazione_Per_Ora
VALUES('aaa0003','2015-02-14 10:00:00', '1');
INSERT INTO Somministrazione_Per_Ora
VALUES('aaa0003','2015-02-15 10:00:00', '1');
INSERT INTO somministrazione_per_ora
VALUES('aaa0003','2015-02-16 10:00:00', '1');
INSERT INTO Somministrazione_Per_Ora
VALUES('aaa0003','2015-02-17 10:00:00', '1');
INSERT INTO Somministrazione_Per_Ora
VALUES('aaa0003','2015-02-18 10:00:00', '1');
INSERT INTO Somministrazione_Per_Ora
VALUES('aaa0003','2015-02-19 10:00:00', '1');
INSERT INTO Somministrazione_Per_Ora
VALUES('aaa0003','2015-02-20 10:00:00', '1');
INSERT INTO Somministrazione_Per_Ora
VALUES('aaa0003','2015-02-21 10:00:00', '1');
INSERT INTO Somministrazione_Per_Ora
VALUES('aaa0003','2015-02-22 10:00:00', '1');
INSERT INTO Somministrazione_Per_Ora
VALUES('aaa0003','2015-02-23 10:00:00', '1');
INSERT INTO somministrazione_per_ora
VALUES('aaa0003','2015-02-24 10:00:00', '1');
INSERT INTO somministrazione_per_ora
VALUES('aaa0003','2015-02-25 10:00:00', '1');
INSERT INTO Somministrazione_Per_Ora
VALUES('aaa0003','2015-02-26 10:00:00', '1');
INSERT INTO somministrazione_per_ora
VALUES('aaa0003','2015-02-27 10:00:00', '1');
INSERT INTO somministrazione_per_ora
VALUES('aaa0003','2015-02-28 10:00:00', '1');
INSERT INTO Somministrazione_Per_Ora
VALUES('aaa0003','2015-03-01 10:00:00', '1');
INSERT INTO somministrazione_per_ora
VALUES('aaa0003','2015-03-02 10:00:00', '1');
INSERT INTO Somministrazione_Per_Ora
VALUES('aaa0003','2015-03-03 10:00:00', '1');
INSERT INTO somministrazione_per_ora
VALUES('aaa0003','2015-03-04 10:00:00', '1');
INSERT INTO Somministrazione_Per_Ora
VALUES('aaa0003','2015-03-05 10:00:00', '1');
INSERT INTO Somministrazione_Per_Ora
VALUES('aaa0003','2015-03-06 10:00:00', '1');
INSERT INTO Somministrazione_Per_Ora
VALUES('aaa0003','2015-03-07 10:00:00', '1');
INSERT INTO Somministrazione_Per_Ora
VALUES('aaa0003','2015-03-08 10:00:00', '1');
INSERT INTO Somministrazione_Per_Ora
VALUES('aaa0004','2015-01-20 10:00:00', '1');
INSERT INTO somministrazione_per_ora
VALUES('aaa0004','2015-01-21 10:00:00', '1');
INSERT INTO somministrazione_per_ora
VALUES('aaa0004','2015-01-22 10:00:00', '1');
INSERT INTO Somministrazione_Per_Ora
VALUES('aaa0004','2015-01-23 10:00:00', '1');
INSERT INTO somministrazione_per_ora
VALUES('aaa0004','2015-01-24 10:00:00', '1');
INSERT INTO Somministrazione_Per_Ora
VALUES('aaa0004','2015-01-25 10:00:00', '1');
INSERT INTO Somministrazione_Per_Ora
VALUES('aaa0004','2015-01-26 10:00:00', '1');
INSERT INTO Somministrazione_Per_Ora
VALUES('aaa0004','2015-01-27 10:00:00', '1');
INSERT INTO Somministrazione_Per_Ora
VALUES('aaa0004','2015-01-28 10:00:00', '1');
INSERT INTO Somministrazione_Per_Ora
VALUES('aaa0004','2015-01-29 10:00:00', '1');
INSERT INTO somministrazione_per_ora
VALUES('aaa0004','2015-01-30 10:00:00', '1');
INSERT INTO Somministrazione_Per_Ora
VALUES('aaa0004','2015-01-31 10:00:00', '1');
INSERT INTO somministrazione_per_ora
VALUES('aaa0004','2015-02-01 10:00:00', '1');
INSERT INTO Somministrazione_Per_Ora
VALUES('aaa0004','2015-02-02 10:00:00', '1');
INSERT INTO Somministrazione_Per_Ora
VALUES('aaa0004','2015-02-03 10:00:00', '1');
INSERT INTO Somministrazione_Per_Ora
VALUES('aaa0004','2015-02-04 10:00:00', '1');
INSERT INTO Somministrazione_Per_Ora
VALUES('aaa0004','2015-02-05 10:00:00', '1');
INSERT INTO Somministrazione_Per_Ora
VALUES('aaa0004','2015-02-06 10:00:00', '1');
INSERT INTO Somministrazione_Per_Ora
VALUES('aaa0004','2015-02-07 10:00:00', '1');
INSERT INTO Somministrazione_Per_Ora
VALUES('aaa0004','2015-02-08 10:00:00', '1');
INSERT INTO Somministrazione_Per_Ora
VALUES('aaa0004','2015-02-09 10:00:00', '1');
INSERT INTO Somministrazione_Per_Ora
VALUES('aaa0004','2015-02-10 10:00:00', '1');
INSERT INTO Somministrazione_Per_Ora
VALUES('aaa0004','2015-02-11 10:00:00', '1');
INSERT INTO Somministrazione_Per_Ora
VALUES('aaa0004','2015-02-12 10:00:00', '1');
INSERT INTO Somministrazione_Per_Ora
VALUES('aaa0004','2015-02-13 10:00:00', '1');
INSERT INTO Somministrazione_Per_Ora
VALUES('aaa0005','2015-02-20 10:00:00', '1');
INSERT INTO Somministrazione_Per_Ora
VALUES('aaa0005','2015-02-21 10:00:00', '1');
INSERT INTO somministrazione_per_ora
VALUES('aaa0005','2015-02-22 10:00:00', '1');
INSERT INTO Somministrazione_Per_Ora
VALUES('aaa0005','2015-02-23 10:00:00', '1');
INSERT INTO somministrazione_per_ora
VALUES('aaa0005','2015-02-24 10:00:00', '1');
INSERT INTO somministrazione_per_ora
VALUES('aaa0005','2015-02-25 10:00:00', '1');
INSERT INTO Somministrazione_Per_Ora
VALUES('aaa0005','2015-02-26 10:00:00', '1');
INSERT INTO somministrazione_per_ora
VALUES('aaa0005','2015-02-27 10:00:00', '1');
INSERT INTO somministrazione_per_ora
VALUES('aaa0005','2015-02-28 10:00:00', '1');
INSERT INTO somministrazione_per_ora
VALUES('aaa0005','2015-03-01 10:00:00', '1');
INSERT INTO somministrazione_per_ora
VALUES('aaa0005','2015-03-02 10:00:00', '1');
INSERT INTO Somministrazione_Per_Ora
VALUES('aaa0005','2015-03-03 10:00:00', '1');
INSERT INTO somministrazione_per_ora
VALUES('aaa0005','2015-03-04 10:00:00', '1');
INSERT INTO Somministrazione_Per_Ora
VALUES('aaa0005','2015-03-05 10:00:00', '1');
INSERT INTO somministrazione_per_ora
VALUES('aaa0005','2015-03-06 10:00:00', '1');
INSERT INTO somministrazione_per_ora
VALUES('aaa0005','2015-03-07 10:00:00', '1');
INSERT INTO Somministrazione_Per_Ora
VALUES('aaa0005','2015-03-08 10:00:00', '1');
INSERT INTO Somministrazione_Per_Ora
VALUES('aaa0005','2015-03-09 10:00:00', '1');
INSERT INTO Somministrazione_Per_Ora
VALUES('aaa0005','2015-03-10 10:00:00', '1');
INSERT INTO Somministrazione_Per_Ora
VALUES('aaa0005','2015-03-11 10:00:00', '1');
INSERT INTO Somministrazione_Per_Ora
VALUES('aaa0005','2015-03-12 10:00:00', '1');
INSERT INTO somministrazione_per_ora
VALUES('aaa0005','2015-03-13 10:00:00', '1');
INSERT INTO somministrazione_per_ora
VALUES('aaa0005','2015-03-14 10:00:00', '1');
INSERT INTO Somministrazione_Per_Ora
VALUES('aaa0005','2015-03-15 10:00:00', '1');

-- zona
INSERT INTO Zona_Agriturismo
VALUES('Zona1','Pascolo');
INSERT INTO Zona_Agriturismo
VALUES('Zona2','Pascolo');
INSERT INTO zona_agriturismo
VALUES('Zona3','Pascolo');
INSERT INTO zona_agriturismo
VALUES('Zona4','Pascolo');
INSERT INTO Zona_Agriturismo
VALUES('Zona5','Pascolo');
INSERT INTO Zona_Agriturismo
VALUES('Zona6','Pascolo');
INSERT INTO Zona_Agriturismo
VALUES('Zona7','Pascolo');
INSERT INTO Zona_Agriturismo
VALUES('Zona8','Pascolo');
INSERT INTO Zona_Agriturismo
VALUES('Zona9','Pascolo');
INSERT INTO Zona_Agriturismo
VALUES('Zona10','Pascolo');
INSERT INTO Zona_Agriturismo
VALUES('Zona11','Pascolo');
INSERT INTO Zona_Agriturismo
VALUES('Zona12','Pascolo');
INSERT INTO Zona_Agriturismo
VALUES('Zona13','Pascolo');
INSERT INTO Zona_Agriturismo
VALUES('Zona14','Pascolo');
INSERT INTO Zona_Agriturismo
VALUES('Zona15','Pascolo');
INSERT INTO Zona_Agriturismo
VALUES('Zona16',' No Pascolo');
INSERT INTO Zona_Agriturismo
VALUES('Zona17',' No Pascolo');
INSERT INTO Zona_Agriturismo
VALUES('Zona18',' No Pascolo');
INSERT INTO Zona_Agriturismo
VALUES('Zona19',' No Pascolo');
INSERT INTO Zona_Agriturismo
VALUES('Zona20',' No Pascolo');

-- Posizione animale
INSERT INTO Posizione_Animale
VALUES('aaa0001', '2019-09-04 16:00:00',43.714, 10.304, NULL,'Zona1');
INSERT INTO Posizione_Animale
VALUES('aaa0001', '2019-09-04 16:30:00',43.734, 10.322, NULL,'Zona5');
INSERT INTO Posizione_Animale
VALUES('aaa0001', '2019-09-04 17:00:00',43.712, 10.302, NULL,'Zona1');
INSERT INTO Posizione_Animale
VALUES('aaa0001', '2019-09-04 17:30:00',43.740, 10.330, NULL,'Zona6');
INSERT INTO Posizione_Animale
VALUES('aaa0001', '2019-09-04 18:00:00',43.781, 10.371, NULL,'Zona15');
INSERT INTO Posizione_Animale
VALUES('aaa0001', '2019-09-04 18:30:00',43.780, 10.370, NULL,'Zona14');
INSERT INTO Posizione_Animale
VALUES('aaa0001', '2019-09-04 19:00:00',43.774, 10.364, NULL,'Zona13');
INSERT INTO Posizione_Animale
VALUES('aaa0001', '2019-09-04 19:30:00',43.758, 10.347, NULL,'Zona10');
INSERT INTO Posizione_Animale
VALUES('aaa0001', '2019-09-04 20:00:00',43.771, 10.363, NULL,'Zona13');
INSERT INTO Posizione_Animale
VALUES('aaa0001', '2019-09-04 20:30:00',43.787, 10.378, NULL,'Zona16');
INSERT INTO Posizione_Animale
VALUES('aaa0002', '2019-09-04 16:00:00',43.767, 10.357, NULL,'Zona12');
INSERT INTO Posizione_Animale
VALUES('aaa0002', '2019-09-04 16:30:00',43.733, 10.323, NULL,'Zona5');
INSERT INTO Posizione_Animale
VALUES('aaa0002', '2019-09-04 17:00:00',43.739, 10.329, NULL,'Zona6');
INSERT INTO Posizione_Animale
VALUES('aaa0002', '2019-09-04 17:30:00',43.743, 10.332, NULL,'Zona6');
INSERT INTO Posizione_Animale
VALUES('aaa0002', '2019-09-04 18:00:00',43.752, 10.342, NULL,'Zona9');
INSERT INTO posizione_animale
VALUES('aaa0002', '2019-09-04 18:30:00',43.748, 10.337, NULL,'Zona8');
INSERT INTO Posizione_Animale
VALUES('aaa0002', '2019-09-04 19:00:00',43.739, 10.326, NULL,'Zona6');
INSERT INTO Posizione_Animale
VALUES('aaa0002', '2019-09-04 19:30:00',43.743, 10.331, NULL,'Zona7');
INSERT INTO Posizione_Animale
VALUES('aaa0002', '2019-09-04 20:00:00',43.764, 10.354, NULL,'Zona11');
INSERT INTO Posizione_Animale
VALUES('aaa0002', '2019-09-04 20:30:00',43.737, 10.328, NULL,'Zona6');
INSERT INTO Posizione_Animale
VALUES('aaa0003', '2019-09-04 16:00:00',43.711, 10.303, NULL,'Zona1');
INSERT INTO posizione_animale
VALUES('aaa0003', '2019-09-04 16:30:00',43.716, 10.307, NULL,'Zona2');
INSERT INTO Posizione_Animale
VALUES('aaa0003', '2019-09-04 17:00:00',43.721, 10.312, NULL,'Zona3');
INSERT INTO Posizione_Animale
VALUES('aaa0003', '2019-09-04 17:30:00',43.728, 10.319, NULL,'Zona4');
INSERT INTO Posizione_Animale
VALUES('aaa0003', '2019-09-04 18:00:00',43.784, 10.372, NULL,'Zona15');
INSERT INTO posizione_animale
VALUES('aaa0003', '2019-09-04 18:30:00',43.749, 10.336, NULL,'Zona8');
INSERT INTO Posizione_Animale
VALUES('aaa0003', '2019-09-04 19:00:00',43.741, 10.334, NULL,'Zona7');
INSERT INTO Posizione_Animale
VALUES('aaa0003', '2019-09-04 19:30:00',3.737, 10.328, NULL,'Zona6');
INSERT INTO Posizione_Animale
VALUES('aaa0003', '2019-09-04 20:00:00',43.777, 10.369, NULL,'Zona14');
INSERT INTO Posizione_Animale
VALUES('aaa0003', '2019-09-04 20:30:00',43.803, 10.394, NULL,'Zona19');
INSERT INTO Posizione_Animale
VALUES('aaa0004', '2019-09-04 16:00:00',43.741, 10.333, NULL,'Zona7');
INSERT INTO posizione_animale
VALUES('aaa0004', '2019-09-04 16:30:00',43.743, 10.331, NULL,'Zona7');
INSERT INTO Posizione_Animale
VALUES('aaa0004', '2019-09-04 17:00:00',43.747, 10.339, NULL,'Zona8');
INSERT INTO Posizione_Animale
VALUES('aaa0004', '2019-09-04 17:30:00',43.755, 10.344, NULL,'Zona9');
INSERT INTO Posizione_Animale
VALUES('aaa0004', '2019-09-04 18:00:00',43.736, 10.326, NULL,'Zona6');
INSERT INTO posizione_animale
VALUES('aaa0004', '2019-09-04 18:30:00',43.747, 10.338, NULL,'Zona8');
INSERT INTO Posizione_Animale
VALUES('aaa0004', '2019-09-04 19:00:00',43.757, 10.349, NULL,'Zona10');
INSERT INTO Posizione_Animale
VALUES('aaa0004', '2019-09-04 19:30:00',3.769, 10.356, NULL,'Zona12');
INSERT INTO Posizione_Animale
VALUES('aaa0004', '2019-09-04 20:00:00',43.767, 10.357, NULL,'Zona12');
INSERT INTO Posizione_Animale
VALUES('aaa0004', '2019-09-04 20:30:00',43.808, 10.397, NULL,'Zona20');
INSERT INTO posizione_animale
VALUES('aaa0005', '2019-09-04 16:00:00',43.746, 10.339, NULL,'Zona8');
INSERT INTO Posizione_Animale
VALUES('aaa0005', '2019-09-04 16:30:00',43.736, 10.326, NULL,'Zona6');
INSERT INTO Posizione_Animale
VALUES('aaa0005', '2019-09-04 17:00:00',43.745, 10.333, NULL,'Zona7');
INSERT INTO Posizione_Animale
VALUES('aaa0005', '2019-09-04 17:30:00',43.762, 10.351, NULL,'Zona11');
INSERT INTO Posizione_Animale
VALUES('aaa0005', '2019-09-04 18:00:00',43.739, 10.326, NULL,'Zona6');
INSERT INTO Posizione_Animale
VALUES('aaa0005', '2019-09-04 18:30:00',43.714, 10.304, NULL,'Zona1');
INSERT INTO posizione_animale
VALUES('aaa0005', '2019-09-04 19:00:00',43.719, 10.306, NULL,'Zona2');
INSERT INTO Posizione_Animale
VALUES('aaa0005', '2019-09-04 19:30:00',43.725, 10.313, NULL,'Zona3');
INSERT INTO Posizione_Animale
VALUES('aaa0005', '2019-09-04 20:00:00',43.729, 10.316, NULL,'Zona4');
INSERT INTO Posizione_Animale
VALUES('aaa0005', '2019-09-04 20:30:00',43.782, 10.374, NULL,'Zona15');
INSERT INTO Posizione_Animale
VALUES('aaa0006', '2019-09-04 16:00:00',43.782, 10.372, NULL,'Zona15');
INSERT INTO posizione_animale
VALUES('aaa0006', '2019-09-04 16:30:00',43.749, 10.336, NULL,'Zona8');
INSERT INTO Posizione_Animale
VALUES('aaa0006', '2019-09-04 17:00:00',43.741, 10.334, NULL,'Zona7');
INSERT INTO Posizione_Animale
VALUES('aaa0006', '2019-09-04 17:30:00',3.737, 10.328, NULL,'Zona6');
INSERT INTO Posizione_Animale
VALUES('aaa0006', '2019-09-04 18:00:00',43.777, 10.369, NULL,'Zona14');
INSERT INTO Posizione_Animale
VALUES('aaa0006', '2019-09-04 18:30:00',43.803, 10.394, NULL,'Zona19');
INSERT INTO Posizione_Animale
VALUES('aaa0006', '2019-09-04 19:00:00',43.741, 10.333, NULL,'Zona7');
INSERT INTO posizione_animale
VALUES('aaa0006', '2019-09-04 19:30:00',43.743, 10.331, NULL,'Zona7');
INSERT INTO Posizione_Animale
VALUES('aaa0006', '2019-09-04 20:00:00',43.747, 10.339, NULL,'Zona8');
INSERT INTO Posizione_Animale
VALUES('aaa0006', '2019-09-04 20:30:00',43.755, 10.344, NULL,'Zona9');
INSERT INTO Posizione_Animale
VALUES('aaa0007', '2019-09-04 16:00:00',43.781, 10.371, NULL,'Zona15');
INSERT INTO posizione_animale
VALUES('aaa0007', '2019-09-04 16:30:00',43.780, 10.370, NULL,'Zona14');
INSERT INTO Posizione_Animale
VALUES('aaa0007', '2019-09-04 17:00:00',43.774, 10.364, NULL,'Zona13');
INSERT INTO Posizione_Animale
VALUES('aaa0007', '2019-09-04 17:30:00',43.758, 10.347, NULL,'Zona10');
INSERT INTO posizione_animale
VALUES('aaa0007', '2019-09-04 18:00:00',43.771, 10.363, NULL,'Zona13');
INSERT INTO posizione_animale
VALUES('aaa0007', '2019-09-04 18:30:00',43.773, 10.364, NULL,'Zona13');
INSERT INTO Posizione_Animale
VALUES('aaa0007', '2019-09-04 19:00:00',43.767, 10.357, NULL,'Zona12');
INSERT INTO Posizione_Animale
VALUES('aaa0007', '2019-09-04 19:30:00',43.733, 10.323, NULL,'Zona5');
INSERT INTO posizione_animale
VALUES('aaa0007', '2019-09-04 20:00:00',43.739, 10.329, NULL,'Zona6');
INSERT INTO Posizione_Animale
VALUES('aaa0007', '2019-09-04 20:30:00',43.743, 10.332, NULL,'Zona6');
INSERT INTO Posizione_Animale
VALUES('aaa0008', '2019-09-04 16:00:00',43.777, 10.369, NULL,'Zona14');
INSERT INTO Posizione_Animale
VALUES('aaa0008', '2019-09-04 16:30:00',43.772, 10.363, NULL,'Zona13');
INSERT INTO Posizione_Animale
VALUES('aaa0008', '2019-09-04 17:00:00',43.741, 10.333, NULL,'Zona7');
INSERT INTO posizione_animale
VALUES('aaa0008', '2019-09-04 17:30:00',43.743, 10.331, NULL,'Zona7');
INSERT INTO Posizione_Animale
VALUES('aaa0008', '2019-09-04 18:00:00',43.747, 10.339, NULL,'Zona8');
INSERT INTO Posizione_Animale
VALUES('aaa0008', '2019-09-04 18:30:00',43.755, 10.344, NULL,'Zona9');
INSERT INTO Posizione_Animale
VALUES('aaa0008', '2019-09-04 19:00:00',43.781, 10.371, NULL,'Zona15');
INSERT INTO posizione_animale
VALUES('aaa0008', '2019-09-04 19:30:00',43.780, 10.370, NULL,'Zona14');
INSERT INTO Posizione_Animale
VALUES('aaa0008', '2019-09-04 20:00:00',43.774, 10.364, NULL,'Zona13');
INSERT INTO Posizione_Animale
VALUES('aaa0008', '2019-09-04 20:30:00',43.794, 10.384, NULL,'Zona17');
INSERT INTO Posizione_Animale
VALUES('aaa0009', '2019-09-04 16:00:00',43.784, 10.372, NULL,'Zona15');
INSERT INTO posizione_animale
VALUES('aaa0009', '2019-09-04 16:30:00',43.749, 10.336, NULL,'Zona8');
INSERT INTO Posizione_Animale
VALUES('aaa0009', '2019-09-04 17:00:00',43.741, 10.334, NULL,'Zona7');
INSERT INTO Posizione_Animale
VALUES('aaa0009', '2019-09-04 17:30:00',3.737, 10.328, NULL,'Zona6');
INSERT INTO Posizione_Animale
VALUES('aaa0009', '2019-09-04 18:00:00',43.777, 10.369, NULL,'Zona14');
INSERT INTO Posizione_Animale
VALUES('aaa0009', '2019-09-04 18:30:00',43.766, 10.358, NULL,'Zona12');
INSERT INTO Posizione_Animale
VALUES('aaa0009', '2019-09-04 19:00:00',43.744, 10.332, NULL,'Zona7');
INSERT INTO posizione_animale
VALUES('aaa0009', '2019-09-04 19:30:00',43.741, 10.331, NULL,'Zona7');
INSERT INTO Posizione_Animale
VALUES('aaa0009', '2019-09-04 20:00:00',43.749, 10.336, NULL,'Zona8');
INSERT INTO Posizione_Animale
VALUES('aaa0009', '2019-09-04 20:30:00',43.755, 10.344, NULL,'Zona9');
INSERT INTO Posizione_Animale
VALUES('aaa0121', '2019-09-04 16:00:00',43.783, 10.371, NULL,'Zona15');
INSERT INTO posizione_animale
VALUES('aaa0121', '2019-09-04 16:30:00',43.757, 10.346, NULL,'Zona10');
INSERT INTO Posizione_Animale
VALUES('aaa0121', '2019-09-04 17:00:00',43.751, 10.342, NULL,'Zona9');
INSERT INTO Posizione_Animale
VALUES('aaa0121', '2019-09-04 17:30:00',43.749, 10.338, NULL,'Zona8');
INSERT INTO Posizione_Animale
VALUES('aaa0121', '2019-09-04 18:00:00',43.742, 10.333, NULL,'Zona7');
INSERT INTO Posizione_Animale
VALUES('aaa0121', '2019-09-04 18:30:00',43.738, 10.327, NULL,'Zona6');
INSERT INTO Posizione_Animale
VALUES('aaa0121', '2019-09-04 19:00:00',43.734, 10.321, NULL,'Zona5');
INSERT INTO posizione_animale
VALUES('aaa0121', '2019-09-04 19:30:00',43.728, 10.316, NULL,'Zona4');
INSERT INTO Posizione_Animale
VALUES('aaa0121', '2019-09-04 20:00:00',43.723, 10.311, NULL,'Zona3');
INSERT INTO Posizione_Animale
VALUES('aaa0121', '2019-09-04 20:30:00',43.800, 10.390, NULL,'Zona18');
INSERT INTO Posizione_Animale
VALUES('aaa0122', '2019-09-04 16:00:00',43.777, 10.369, NULL,'Zona14');
INSERT INTO Posizione_Animale
VALUES('aaa0122', '2019-09-04 16:30:00',43.766, 10.358, NULL,'Zona12');
INSERT INTO posizione_animale
VALUES('aaa0122', '2019-09-04 17:00:00',43.744, 10.332, NULL,'Zona7');
INSERT INTO posizione_animale
VALUES('aaa0122', '2019-09-04 17:30:00',43.741, 10.331, NULL,'Zona7');
INSERT INTO posizione_animale
VALUES('aaa0122', '2019-09-04 18:00:00',43.749, 10.336, NULL,'Zona8');
INSERT INTO Posizione_Animale
VALUES('aaa0122', '2019-09-04 18:30:00',43.755, 10.344, NULL,'Zona9');
INSERT INTO Posizione_Animale
VALUES('aaa0122', '2019-09-04 19:00:00',43.783, 10.371, NULL,'Zona15');
INSERT INTO posizione_animale
VALUES('aaa0122', '2019-09-04 19:30:00',43.757, 10.346, NULL,'Zona10');
INSERT INTO Posizione_Animale
VALUES('aaa0122', '2019-09-04 20:00:00',43.751, 10.342, NULL,'Zona9');
INSERT INTO Posizione_Animale
VALUES('aaa0122', '2019-09-04 20:30:00',43.803, 10.398, NULL,'Zona20');
INSERT INTO Posizione_Animale
VALUES('aaa0123', '2019-09-04 16:00:00',43.777, 10.369, NULL,'Zona14');
INSERT INTO Posizione_Animale
VALUES('aaa0123', '2019-09-04 16:30:00',43.773, 10.361, NULL,'Zona13');
INSERT INTO posizione_animale
VALUES('aaa0123', '2019-09-04 17:00:00',43.769, 10.358, NULL,'Zona12');
INSERT INTO posizione_animale
VALUES('aaa0123', '2019-09-04 17:30:00',43.762, 10.351, NULL,'Zona11');
INSERT INTO posizione_animale
VALUES('aaa0123', '2019-09-04 18:00:00',43.756, 10.348, NULL,'Zona10');
INSERT INTO Posizione_Animale
VALUES('aaa0123', '2019-09-04 18:30:00',43.753, 10.342, NULL,'Zona9');
INSERT INTO posizione_animale
VALUES('aaa0123', '2019-09-04 19:00:00',43.747, 10.337, NULL,'Zona8');
INSERT INTO posizione_animale
VALUES('aaa0123', '2019-09-04 19:30:00',43.744, 10.331, NULL,'Zona7');
INSERT INTO Posizione_Animale
VALUES('aaa0123', '2019-09-04 20:00:00',43.736, 10.328, NULL,'Zona6');
INSERT INTO Posizione_Animale
VALUES('aaa0123', '2019-09-04 20:30:00',43.801, 10.396, NULL,'Zona19');
INSERT INTO posizione_animale
VALUES('aaa0124', '2019-09-04 16:00:00',43.749, 10.336, NULL,'Zona8');
INSERT INTO Posizione_Animale
VALUES('aaa0124', '2019-09-04 16:30:00',43.755, 10.344, NULL,'Zona9');
INSERT INTO Posizione_Animale
VALUES('aaa0124', '2019-09-04 17:00:00',43.783, 10.371, NULL,'Zona15');
INSERT INTO posizione_animale
VALUES('aaa0124', '2019-09-04 17:30:00',43.757, 10.346, NULL,'Zona10');
INSERT INTO Posizione_Animale
VALUES('aaa0124', '2019-09-04 18:00:00',43.751, 10.342, NULL,'Zona9');
INSERT INTO Posizione_Animale
VALUES('aaa0124', '2019-09-04 18:30:00',43.758, 10.348, NULL,'Zona10');
INSERT INTO Posizione_Animale
VALUES('aaa0124', '2019-09-04 19:00:00',43.777, 10.369, NULL,'Zona14');
INSERT INTO Posizione_Animale
VALUES('aaa0124', '2019-09-04 19:30:00',43.773, 10.361, NULL,'Zona13');
INSERT INTO posizione_animale
VALUES('aaa0124', '2019-09-04 20:00:00',43.769, 10.358, NULL,'Zona12');
INSERT INTO posizione_animale
VALUES('aaa0124', '2019-09-04 20:30:00',43.762, 10.351, NULL,'Zona11');
INSERT INTO Posizione_Animale
VALUES('aaa0241', '2019-09-04 16:00:00',43.737, 10.327, NULL,'Zona6');
INSERT INTO posizione_animale
VALUES('aaa0241', '2019-09-04 16:30:00',43.742, 10.331, NULL,'Zona7');
INSERT INTO Posizione_Animale
VALUES('aaa0241', '2019-09-04 17:00:00',43.753, 10.343, NULL,'Zona9');
INSERT INTO Posizione_Animale
VALUES('aaa0241', '2019-09-04 17:30:00',43.747, 10.336, NULL,'Zona8');
INSERT INTO Posizione_Animale
VALUES('aaa0241', '2019-09-04 18:00:00',43.759, 10.348, NULL,'Zona10');
INSERT INTO Posizione_Animale
VALUES('aaa0241', '2019-09-04 18:30:00',43.761, 10.354, NULL,'Zona11');
INSERT INTO Posizione_Animale
VALUES('aaa0241', '2019-09-04 19:00:00',43.770, 10.360, NULL,'Zona12');
INSERT INTO posizione_animale
VALUES('aaa0241', '2019-09-04 19:30:00',43.771, 10.361, NULL,'Zona13');
INSERT INTO Posizione_Animale
VALUES('aaa0241', '2019-09-04 20:00:00',43.777, 10.366, NULL,'Zona14');
INSERT INTO posizione_animale
VALUES('aaa0241', '2019-09-04 20:30:00',43.803, 10.394, NULL,'Zona18');
INSERT INTO Posizione_Animale
VALUES('aaa0242', '2019-09-04 16:00:00',43.779, 10.369, NULL,'Zona14');
INSERT INTO Posizione_Animale
VALUES('aaa0242', '2019-09-04 16:30:00',43.769, 10.360, NULL,'Zona12');
INSERT INTO posizione_animale
VALUES('aaa0242', '2019-09-04 17:00:00',43.711, 10.301, NULL,'Zona1');
INSERT INTO posizione_animale
VALUES('aaa0242', '2019-09-04 17:30:00',43.718, 10.309, NULL,'Zona2');
INSERT INTO posizione_animale
VALUES('aaa0242', '2019-09-04 18:00:00',43.723, 10.314, NULL,'Zona3');
INSERT INTO Posizione_Animale
VALUES('aaa0242', '2019-09-04 18:30:00',43.727, 10.319, NULL,'Zona4');
INSERT INTO Posizione_Animale
VALUES('aaa0242', '2019-09-04 19:00:00',43.734, 10.323, NULL,'Zona5');
INSERT INTO posizione_animale
VALUES('aaa0242', '2019-09-04 19:30:00',43.740, 10.330, NULL,'Zona6');
INSERT INTO Posizione_Animale
VALUES('aaa0242', '2019-09-04 20:00:00',43.745, 10.335, NULL,'Zona7');
INSERT INTO Posizione_Animale
VALUES('aaa0242', '2019-09-04 20:30:00',43.806, 10.400, NULL,'Zona20');
INSERT INTO Posizione_Animale
VALUES('aaa0243', '2019-09-04 16:00:00',43.742, 10.332, NULL,'Zona7');
INSERT INTO Posizione_Animale
VALUES('aaa0243', '2019-09-04 16:30:00',43.774, 10.365, NULL,'Zona13');
INSERT INTO posizione_animale
VALUES('aaa0243', '2019-09-04 17:00:00',43.770, 10.356, NULL,'Zona12');
INSERT INTO posizione_animale
VALUES('aaa0243', '2019-09-04 17:30:00',43.737, 10.330, NULL,'Zona6');
INSERT INTO posizione_animale
VALUES('aaa0243', '2019-09-04 18:00:00',43.741, 10.331, NULL,'Zona7');
INSERT INTO Posizione_Animale
VALUES('aaa0243', '2019-09-04 18:30:00',43.751, 10.345, NULL,'Zona9');
INSERT INTO posizione_animale
VALUES('aaa0243', '2019-09-04 19:00:00',43.775, 10.361, NULL,'Zona13');
INSERT INTO posizione_animale
VALUES('aaa0243', '2019-09-04 19:30:00',43.744, 10.333, NULL,'Zona7');
INSERT INTO Posizione_Animale
VALUES('aaa0243', '2019-09-04 20:00:00',43.739, 10.327, NULL,'Zona6');
INSERT INTO Posizione_Animale
VALUES('aaa0243', '2019-09-04 20:30:00',43.802, 10.394, NULL,'Zona19');
INSERT INTO posizione_animale
VALUES('aaa0244', '2019-09-04 16:00:00',43.749, 10.336, NULL,'Zona8');
INSERT INTO Posizione_Animale
VALUES('aaa0244', '2019-09-04 16:30:00',43.755, 10.344, NULL,'Zona9');
INSERT INTO Posizione_Animale
VALUES('aaa0244', '2019-09-04 17:00:00',43.783, 10.371, NULL,'Zona15');
INSERT INTO posizione_animale
VALUES('aaa0244', '2019-09-04 17:30:00',43.757, 10.346, NULL,'Zona10');
INSERT INTO Posizione_Animale
VALUES('aaa0244', '2019-09-04 18:00:00',43.751, 10.342, NULL,'Zona9');
INSERT INTO Posizione_Animale
VALUES('aaa0244', '2019-09-04 18:30:00',43.758, 10.348, NULL,'Zona10');
INSERT INTO Posizione_Animale
VALUES('aaa0244', '2019-09-04 19:00:00',43.777, 10.369, NULL,'Zona14');
INSERT INTO Posizione_Animale
VALUES('aaa0244', '2019-09-04 19:30:00',43.773, 10.361, NULL,'Zona13');
INSERT INTO posizione_animale
VALUES('aaa0244', '2019-09-04 20:00:00',43.769, 10.358, NULL,'Zona12');
INSERT INTO posizione_animale
VALUES('aaa0244', '2019-09-04 20:30:00',43.762, 10.351, NULL,'Zona11');

-- mungitrice
INSERT INTO Mungitrice
VALUES('aaa0000', 'MP COW MILKING TROLLEY', 'Agricenter');
INSERT INTO Mungitrice
VALUES('aaa0001', 'MP COW MILKING TROLLEY', 'Agricenter');
INSERT INTO Mungitrice
VALUES('aaa0002', 'MP COW MILKING TROLLEY', 'Agricenter');
INSERT INTO mungitrice
VALUES('aaa0003', 'MP COW MILKING TROLLEY', 'Agricenter');
INSERT INTO Mungitrice
VALUES('aaa0004', 'MP COW MILKING TROLLEY', 'Agricenter');
INSERT INTO Mungitrice
VALUES('aaa0005', 'MP COW MILKING TROLLEY', 'Agricenter');
INSERT INTO mungitrice
VALUES('aaa0006', 'MP COW MILKING TROLLEY', 'Agricenter');
INSERT INTO Mungitrice
VALUES('aaa0007', 'MP COW MILKING TROLLEY', 'Agricenter');
INSERT INTO Mungitrice
VALUES('aaa0008', 'MP COW MILKING TROLLEY', 'Agricenter');
INSERT INTO Mungitrice
VALUES('aaa0009', 'MP COW MILKING TROLLEY', 'Agricenter');
INSERT INTO Mungitrice
VALUES('aaa0010', 'MP SHEEP MILKING TROLLEY', 'Agricenter');
INSERT INTO Mungitrice
VALUES('aaa0011', 'MP SHEEP MILKING TROLLEY', 'Agricenter');
INSERT INTO Mungitrice
VALUES('aaa0012', 'MP SHEEP MILKING TROLLEY', 'Agricenter');
INSERT INTO Mungitrice
VALUES('aaa0013', 'MP SHEEP MILKING TROLLEY', 'Agricenter');
INSERT INTO Mungitrice
VALUES('aaa0014', 'MP SHEEP MILKING TROLLEY', 'Agricenter');
INSERT INTO Mungitrice
VALUES('aaa0015', 'MP GOAT MILKING TROLLEY', 'Agricenter');
INSERT INTO Mungitrice
VALUES('aaa0016', 'MP GOAT MILKING TROLLEY', 'Agricenter');
INSERT INTO Mungitrice
VALUES('aaa0017', 'MP GOAT MILKING TROLLEY', 'Agricenter');
INSERT INTO Mungitrice
VALUES('aaa0018', 'MP GOAT MILKING TROLLEY', 'Agricenter');
INSERT INTO Mungitrice
VALUES('aaa0019', 'MP GOAT MILKING TROLLEY', 'Agricenter');

-- silos
INSERT INTO Silos
VALUES ('aaa0000', 0, 20, NULL);
INSERT INTO Silos
VALUES ('aaa0001', 0, 20, NULL);
INSERT INTO Silos
VALUES ('aaa0002', 0, 20, NULL);
INSERT INTO Silos
VALUES ('aaa0003', 0, 20, NULL);
INSERT INTO Silos
VALUES ('aaa0004', 0, 20, NULL);
INSERT INTO Silos
VALUES ('aaa0005', 0, 20, NULL);
INSERT INTO Silos
VALUES ('aaa0006', 0, 20, NULL);
INSERT INTO Silos
VALUES ('aaa0007', 0, 20, NULL);
INSERT INTO Silos
VALUES ('aaa0008', 0, 20, NULL);
INSERT INTO Silos
VALUES ('aaa0009', 0, 20, NULL);
INSERT INTO Silos
VALUES ('aaa0010', 0, 20, NULL);

-- DATI LATTE MUNTO 
INSERT INTO Dati_Latte_Munto
VALUES('aaa0001', '2019-09-04 07:00:00', 'aaa0000', 3.75);
INSERT INTO Dati_Latte_Munto
VALUES('aaa0001', '2019-09-04 11:00:00', 'aaa0000', 3.75);
INSERT INTO Dati_Latte_Munto
VALUES('aaa0001', '2019-09-04 15:00:00', 'aaa0000', 3.75);
INSERT INTO Dati_Latte_Munto
VALUES('aaa0001', '2019-09-04 19:00:00', 'aaa0000', 3.75);
INSERT INTO Dati_Latte_Munto
VALUES('aaa0002', '2019-09-04 07:00:00', 'aaa0001', 3.75);
INSERT INTO Dati_Latte_Munto
VALUES('aaa0002', '2019-09-04 11:00:00', 'aaa0001', 3.75);
INSERT INTO Dati_Latte_Munto
VALUES('aaa0002', '2019-09-04 15:00:00', 'aaa0001', 3.75);
INSERT INTO Dati_Latte_Munto
VALUES('aaa0002', '2019-09-04 19:00:00', 'aaa0001', 3.75);
INSERT INTO Dati_Latte_Munto
VALUES('aaa0003', '2019-09-04 07:00:00', 'aaa0002', 3.75);
INSERT INTO Dati_Latte_Munto
VALUES('aaa0003', '2019-09-04 11:00:00', 'aaa0002', 3.75);
INSERT INTO Dati_Latte_Munto
VALUES('aaa0003', '2019-09-04 15:00:00', 'aaa0002', 3.75);
INSERT INTO Dati_Latte_Munto
VALUES('aaa0003', '2019-09-04 19:00:00', 'aaa0002', 3.75);
INSERT INTO Dati_Latte_Munto
VALUES('aaa0004', '2019-09-04 07:00:00', 'aaa0003', 3.75);
INSERT INTO Dati_Latte_Munto
VALUES('aaa0004', '2019-09-04 11:00:00', 'aaa0003', 3.75);
INSERT INTO Dati_Latte_Munto
VALUES('aaa0004', '2019-09-04 15:00:00', 'aaa0003', 3.75);
INSERT INTO Dati_Latte_Munto
VALUES('aaa0004', '2019-09-04 19:00:00', 'aaa0003', 3.75);
INSERT INTO Dati_Latte_Munto
VALUES('aaa0005', '2019-09-04 07:00:00', 'aaa0004', 3.75);
INSERT INTO Dati_Latte_Munto
VALUES('aaa0005', '2019-09-04 11:00:00', 'aaa0004', 3.75);
INSERT INTO Dati_Latte_Munto
VALUES('aaa0005', '2019-09-04 15:00:00', 'aaa0004', 3.75);
INSERT INTO Dati_Latte_Munto
VALUES('aaa0005', '2019-09-04 19:00:00', 'aaa0004', 3.75);
INSERT INTO Dati_Latte_Munto
VALUES('aaa0006', '2019-09-04 07:00:00', 'aaa0005', 3.75);
INSERT INTO Dati_Latte_Munto
VALUES('aaa0006', '2019-09-04 11:00:00', 'aaa0005', 3.75);
INSERT INTO Dati_Latte_Munto
VALUES('aaa0006', '2019-09-04 15:00:00', 'aaa0005', 3.75);
INSERT INTO Dati_Latte_Munto
VALUES('aaa0006', '2019-09-04 19:00:00', 'aaa0005', 3.75);
INSERT INTO Dati_Latte_Munto
VALUES('aaa0007', '2019-09-04 07:00:00', 'aaa0006', 3.75);
INSERT INTO Dati_Latte_Munto
VALUES('aaa0007', '2019-09-04 11:00:00', 'aaa0006', 3.75);
INSERT INTO Dati_Latte_Munto
VALUES('aaa0007', '2019-09-04 15:00:00', 'aaa0006', 3.75);
INSERT INTO Dati_Latte_Munto
VALUES('aaa0007', '2019-09-04 19:00:00', 'aaa0006', 3.75);
INSERT INTO Dati_Latte_Munto
VALUES('aaa0121', '2019-09-04 7:00:00', 'aaa0010', 0.5);
INSERT INTO Dati_Latte_Munto
VALUES('aaa0121', '2019-09-04 11:00:00', 'aaa0010', 0.5);
INSERT INTO Dati_Latte_Munto
VALUES('aaa0121', '2019-09-04 15:00:00', 'aaa0010', 0.5);
INSERT INTO Dati_Latte_Munto
VALUES('aaa0121', '2019-09-04 19:00:00', 'aaa0010', 0.5);
INSERT INTO Dati_Latte_Munto
VALUES('aaa0122', '2019-09-04 7:00:00', 'aaa0011', 0.5);
INSERT INTO Dati_Latte_Munto
VALUES('aaa0122', '2019-09-04 11:00:00', 'aaa0011', 0.5);
INSERT INTO Dati_Latte_Munto
VALUES('aaa0122', '2019-09-04 15:00:00', 'aaa0011', 0.5);
INSERT INTO Dati_Latte_Munto
VALUES('aaa0122', '2019-09-04 19:00:00', 'aaa0011', 0.5);
INSERT INTO Dati_Latte_Munto
VALUES('aaa0123', '2019-09-04 7:00:00', 'aaa0012', 0.5);
INSERT INTO Dati_Latte_Munto
VALUES('aaa0123', '2019-09-04 11:00:00', 'aaa0012', 0.5);
INSERT INTO Dati_Latte_Munto
VALUES('aaa0123', '2019-09-04 15:00:00', 'aaa0012', 0.5);
INSERT INTO Dati_Latte_Munto
VALUES('aaa0123', '2019-09-04 19:00:00', 'aaa0012', 0.5);
INSERT INTO Dati_Latte_Munto
VALUES('aaa0241', '2019-09-04 7:00:00', 'aaa0016', 0.5);
INSERT INTO Dati_Latte_Munto
VALUES('aaa0241', '2019-09-04 11:00:00', 'aaa0016', 0.5);
INSERT INTO Dati_Latte_Munto
VALUES('aaa0241', '2019-09-04 15:00:00', 'aaa0016', 0.5);
INSERT INTO Dati_Latte_Munto
VALUES('aaa0241', '2019-09-04 19:00:00', 'aaa0016', 0.5);
INSERT INTO Dati_Latte_Munto
VALUES('aaa0242', '2019-09-04 7:00:00', 'aaa0017', 0.5);
INSERT INTO Dati_Latte_Munto
VALUES('aaa0242', '2019-09-04 11:00:00', 'aaa0017', 0.5);
INSERT INTO Dati_Latte_Munto
VALUES('aaa0242', '2019-09-04 15:00:00', 'aaa0017', 0.5);
INSERT INTO Dati_Latte_Munto
VALUES('aaa0242', '2019-09-04 19:00:00', 'aaa0017', 0.5);
INSERT INTO Dati_Latte_Munto
VALUES('aaa0243', '2019-09-04 7:00:00', 'aaa0018', 0.5);
INSERT INTO Dati_Latte_Munto
VALUES('aaa0243', '2019-09-04 11:00:00', 'aaa0018', 0.5);
INSERT INTO Dati_Latte_Munto
VALUES('aaa0243', '2019-09-04 15:00:00', 'aaa0018', 0.5);
INSERT INTO Dati_Latte_Munto
VALUES('aaa0243', '2019-09-04 19:00:00', 'aaa0018', 0.5);
INSERT INTO Dati_Latte_Munto
VALUES('aaa0001', '2018-05-06 07:00:00', 'aaa0000', 3.75);
INSERT INTO Dati_Latte_Munto
VALUES('aaa0001', '2018-05-06 11:00:00', 'aaa0000', 3.75);
INSERT INTO Dati_Latte_Munto
VALUES('aaa0001', '2018-05-06 15:00:00', 'aaa0000', 3.75);
INSERT INTO Dati_Latte_Munto
VALUES('aaa0001', '2018-05-06 19:00:00', 'aaa0000', 3.75);
INSERT INTO Dati_Latte_Munto
VALUES('aaa0002', '2018-05-06 07:00:00', 'aaa0001', 3.75);
INSERT INTO Dati_Latte_Munto
VALUES('aaa0002', '2018-05-06 11:00:00', 'aaa0001', 3.75);
INSERT INTO Dati_Latte_Munto
VALUES('aaa0002', '2018-05-06 15:00:00', 'aaa0001', 3.75);
INSERT INTO Dati_Latte_Munto
VALUES('aaa0002', '2018-05-06 19:00:00', 'aaa0001', 3.75);
INSERT INTO Dati_Latte_Munto
VALUES('aaa0003', '2019-08-25 07:00:00', 'aaa0002', 3.75);
INSERT INTO Dati_Latte_Munto
VALUES('aaa0003', '2019-08-25 11:00:00', 'aaa0002', 3.75);
INSERT INTO Dati_Latte_Munto
VALUES('aaa0003', '2019-08-25 15:00:00', 'aaa0002', 3.75);
INSERT INTO Dati_Latte_Munto
VALUES('aaa0003', '2019-08-25 19:00:00', 'aaa0002', 3.75);
INSERT INTO Dati_Latte_Munto
VALUES('aaa0004', '2019-08-25 07:00:00', 'aaa0003', 2.5);
INSERT INTO Dati_Latte_Munto
VALUES('aaa0004', '2019-08-25 11:00:00', 'aaa0003', 2.5);
INSERT INTO Dati_Latte_Munto
VALUES('aaa0121', '2019-08-25 7:00:00', 'aaa0010', 1);
INSERT INTO Dati_Latte_Munto
VALUES('aaa0121', '2019-08-25 11:00:00', 'aaa0010', 1);
INSERT INTO Dati_Latte_Munto
VALUES('aaa0121', '2019-08-25 15:00:00', 'aaa0010', 1);
INSERT INTO Dati_Latte_Munto
VALUES('aaa0121', '2019-08-25 19:00:00', 'aaa0010', 1);
INSERT INTO Dati_Latte_Munto
VALUES('aaa0122', '2019-08-25 7:00:00', 'aaa0011', 0.75);
INSERT INTO Dati_Latte_Munto
VALUES('aaa0122', '2019-08-25 11:00:00', 'aaa0011', 0.75);
INSERT INTO Dati_Latte_Munto
VALUES('aaa0122', '2019-08-25 15:00:00', 'aaa0011', 0.75);
INSERT INTO Dati_Latte_Munto
VALUES('aaa0122', '2019-08-25 19:00:00', 'aaa0011', 0.75);
INSERT INTO Dati_Latte_Munto
VALUES('aaa0123', '2019-08-25 7:00:00', 'aaa0012', 0.75);
INSERT INTO Dati_Latte_Munto
VALUES('aaa0123', '2019-08-25 11:00:00', 'aaa0012', 0.75);
INSERT INTO Dati_Latte_Munto
VALUES('aaa0123', '2019-08-25 15:00:00', 'aaa0012', 0.75);
INSERT INTO Dati_Latte_Munto
VALUES('aaa0123', '2019-08-25 19:00:00', 'aaa0012', 0.75);
INSERT INTO Dati_Latte_Munto
VALUES('aaa0241', '2019-08-25 7:00:00', 'aaa0016', 1);
INSERT INTO Dati_Latte_Munto
VALUES('aaa0241', '2019-08-25 11:00:00', 'aaa0016', 1);
INSERT INTO Dati_Latte_Munto
VALUES('aaa0241', '2019-08-25 15:00:00', 'aaa0016', 1);
INSERT INTO Dati_Latte_Munto
VALUES('aaa0241', '2019-08-25 19:00:00', 'aaa0016', 1);
INSERT INTO Dati_Latte_Munto
VALUES('aaa0242', '2019-08-25 7:00:00', 'aaa0017', 0.75);
INSERT INTO Dati_Latte_Munto
VALUES('aaa0242', '2019-08-25 11:00:00', 'aaa0017', 0.75);
INSERT INTO Dati_Latte_Munto
VALUES('aaa0242', '2019-08-25 15:00:00', 'aaa0017', 0.75);
INSERT INTO Dati_Latte_Munto
VALUES('aaa0242', '2019-08-25 19:00:00', 'aaa0017', 0.75);
INSERT INTO Dati_Latte_Munto
VALUES('aaa0243', '2019-08-25 7:00:00', 'aaa0018', 0.75);
INSERT INTO Dati_Latte_Munto
VALUES('aaa0243', '2019-08-25 11:00:00', 'aaa0018', 0.75);
INSERT INTO Dati_Latte_Munto
VALUES('aaa0243', '2019-08-25 15:00:00', 'aaa0018', 0.75);
INSERT INTO Dati_Latte_Munto
VALUES('aaa0243', '2019-08-25 19:00:00', 'aaa0018', 0.75);
INSERT INTO Dati_Latte_Munto
VALUES('aaa0005', '2019-06-15 07:00:00', 'aaa0004', 3.5);
INSERT INTO Dati_Latte_Munto
VALUES('aaa0005', '2019-06-15 11:00:00', 'aaa0004', 3.5);
INSERT INTO Dati_Latte_Munto
VALUES('aaa0005', '2019-06-15 15:00:00', 'aaa0004', 3);
INSERT INTO Dati_Latte_Munto
VALUES('aaa0121', '2019-06-15 7:00:00', 'aaa0010', 1);
INSERT INTO Dati_Latte_Munto
VALUES('aaa0121', '2019-06-15 11:00:00', 'aaa0010', 1);
INSERT INTO Dati_Latte_Munto
VALUES('aaa0121', '2019-06-15 15:00:00', 'aaa0010', 1);
INSERT INTO Dati_Latte_Munto
VALUES('aaa0121', '2019-06-15 19:00:00', 'aaa0010', 2);
INSERT INTO Dati_Latte_Munto
VALUES('aaa0122', '2019-06-15 7:00:00', 'aaa0011', 1);
INSERT INTO Dati_Latte_Munto
VALUES('aaa0122', '2019-06-15 11:00:00', 'aaa0011', 1);
INSERT INTO Dati_Latte_Munto
VALUES('aaa0122', '2019-06-15 15:00:00', 'aaa0011', 1);
INSERT INTO Dati_Latte_Munto
VALUES('aaa0122', '2019-06-15 19:00:00', 'aaa0011', 2);
INSERT INTO Dati_Latte_Munto
VALUES('aaa0123', '2019-06-15 7:00:00', 'aaa0012', 1);
INSERT INTO Dati_Latte_Munto
VALUES('aaa0123', '2019-06-15 11:00:00', 'aaa0012', 1);
INSERT INTO Dati_Latte_Munto
VALUES('aaa0123', '2019-06-15 15:00:00', 'aaa0012', 1);
INSERT INTO Dati_Latte_Munto
VALUES('aaa0123', '2019-06-15 19:00:00', 'aaa0012', 1);
INSERT INTO Dati_Latte_Munto
VALUES('aaa0241', '2019-03-05 7:00:00', 'aaa0016', 1);
INSERT INTO Dati_Latte_Munto
VALUES('aaa0241', '2019-03-05 11:00:00', 'aaa0016', 1);
INSERT INTO Dati_Latte_Munto
VALUES('aaa0241', '2019-03-05 15:00:00', 'aaa0016', 1);
INSERT INTO Dati_Latte_Munto
VALUES('aaa0241', '2019-03-05 19:00:00', 'aaa0016', 1);
INSERT INTO Dati_Latte_Munto
VALUES('aaa0242', '2019-03-05 7:00:00', 'aaa0017', 0.75);
INSERT INTO Dati_Latte_Munto
VALUES('aaa0242', '2019-03-05 11:00:00', 'aaa0017', 0.75);
INSERT INTO Dati_Latte_Munto
VALUES('aaa0242', '2019-03-05 15:00:00', 'aaa0017', 0.75);
INSERT INTO Dati_Latte_Munto
VALUES('aaa0242', '2019-03-05 19:00:00', 'aaa0017', 0.75);
INSERT INTO Dati_Latte_Munto
VALUES('aaa0243', '2019-03-05 7:00:00', 'aaa0018', 0.75);
INSERT INTO Dati_Latte_Munto
VALUES('aaa0243', '2019-03-05 11:00:00', 'aaa0018', 0.75);
INSERT INTO Dati_Latte_Munto
VALUES('aaa0243', '2019-03-05 15:00:00', 'aaa0018', 0.75);
INSERT INTO Dati_Latte_Munto
VALUES('aaa0243', '2019-03-05 19:00:00', 'aaa0018', 0.75);
INSERT INTO Dati_Latte_Munto
VALUES('aaa0006', '2019-03-05 07:00:00', 'aaa0005', 3.5);
INSERT INTO Dati_Latte_Munto
VALUES('aaa0006', '2019-03-05 11:00:00', 'aaa0005', 3.5);
INSERT INTO Dati_Latte_Munto
VALUES('aaa0006', '2019-03-05 15:00:00', 'aaa0005', 3.5);
INSERT INTO Dati_Latte_Munto
VALUES('aaa0006', '2019-03-05 19:00:00', 'aaa0005', 3.5);
INSERT INTO Dati_Latte_Munto
VALUES('aaa0006', '2019-07-25 07:00:00', 'aaa0005', 1);
INSERT INTO Dati_Latte_Munto
VALUES('aaa0006', '2019-07-25 11:00:00', 'aaa0005', 1);
INSERT INTO Dati_Latte_Munto
VALUES('aaa0006', '2019-07-25 15:00:00', 'aaa0005', 1);
INSERT INTO Dati_Latte_Munto
VALUES('aaa0006', '2019-07-25 19:00:00', 'aaa0005', 2);
-- i dati in travaso sono aggiunti automaticamente con dei trigger
-- formaggi
INSERT INTO Formaggio
VALUES('Burrata', 'Alto', 'Puglia', 10, 'Semi-dura', NULL , 'Bovino', 5);
INSERT INTO Formaggio
VALUES('Stracchino', 'Alto', 'Lombardia, Toscana, Veneto', 9, 'Molle', 40, 'Bovino', 2.5);
INSERT INTO Formaggio
VALUES('Mozzarella', 'Alto', 'Italia', 8, 'Semi-dura',NULL , 'Bovino', 5);
INSERT INTO Formaggio
VALUES('Robiola-Mucca', 'Alto', 'Italia Settentrionale', 15 , 'Molle', 9 , 'Bovino', 5);
INSERT INTO Formaggio
VALUES('Robiola-Pecora', 'Alto', 'Italia Settentrionale', 15 , 'Molle', 9 , 'Ovino', 5);
INSERT INTO Formaggio
VALUES('Robiola-Capra', 'Alto', 'Italia Settentrionale', 15 , 'Molle', 9 , 'Caprino', 5);
INSERT INTO Formaggio
VALUES('Scamorza', 'Medio', 'Italia Meridionale', 7.50 , 'Dura', 9 , 'Bovino', 5);
INSERT INTO Formaggio
VALUES('Squacquerone', 'Alto', 'Emilia Romagna', 7.5 , 'Molle', 3 , 'Bovino', 3.4);
INSERT INTO Formaggio
VALUES('Gorgonzola', 'Medio', 'Piemonte, Lombardia', 6 , 'Molle', 80 , 'Bovino', 5);
INSERT INTO Formaggio
VALUES('Caciocavallo', 'Basso', 'Napoli', 15 , 'Dura', 182 , 'Bovino', 6.7);
INSERT INTO Formaggio
VALUES('Caprino', 'Medio', 'Italia', 12.50 , 'Semi-dura', 182 , 'Caprino', 2.5);
INSERT INTO Formaggio
VALUES('Ricotta-Mucca', 'Alto', 'Italia', 3.50 , 'Molle', NULL , 'Bovino', 2.5);
INSERT INTO Formaggio
VALUES('Ricotta-Pecora', 'Alto', 'Italia', 4.50 , 'Molle', NULL , 'Ovino', 2.5);
INSERT INTO Formaggio
VALUES('Ricotta-Capra', 'Alto', 'Italia', 4.50 , 'Molle', NULL , 'Caprino', 2.5);
INSERT INTO Formaggio
VALUES('Parmigiano', 'Basso', 'Emilia Romagna', 15 , 'Dura', 485 , 'Bovino', 15);
INSERT INTO Formaggio
VALUES('Pecorino', 'Basso', 'Lazio, Sardegna', 15 , 'Dura', 80 , 'Ovino', 6.7);

-- fasi produzione
INSERT INTO Fase
VALUES('aaa0000', 'Burrata', '1', 25);
INSERT INTO Fase
VALUES('aaa0001', 'Burrata', '2', 45);
INSERT INTO Fase
VALUES('aaa0002', 'Burrata', '3', 15);
INSERT INTO Fase
VALUES('aaa0003', 'Burrata', '4', 30);
INSERT INTO Fase
VALUES('aaa0004', 'Burrata', '5', 50);
INSERT INTO Fase
VALUES('aaa0005', 'Burrata', '6', 10);
INSERT INTO Fase
VALUES('aaa0006', 'Burrata', '7', 5);
INSERT INTO Fase
VALUES('aaa0007', 'Burrata', '8', 20);
INSERT INTO Fase
VALUES('aaa0008', 'Stracchino', '1', 20);
INSERT INTO Fase
VALUES('aaa0009', 'Stracchino', '2', 10);
INSERT INTO Fase
VALUES('aaa0010', 'Stracchino', '3', 5);
INSERT INTO Fase
VALUES('aaa0011', 'Stracchino', '4', 9);
INSERT INTO Fase
VALUES('aaa0012', 'Stracchino', '5', 45);
INSERT INTO Fase
VALUES('aaa0013', 'Stracchino', '6', 20);
INSERT INTO Fase
VALUES('aaa0014', 'Stracchino', '7', 30);
INSERT INTO Fase
VALUES('aaa0015', 'Stracchino', '8', 15);
INSERT INTO Fase
VALUES('aaa0016', 'Mozzarella', '1', 20);
INSERT INTO Fase
VALUES('aaa0017', 'Mozzarella', '2', 10);
INSERT INTO Fase
VALUES('aaa0018', 'Mozzarella', '3', 15);
INSERT INTO Fase
VALUES('aaa0019', 'Mozzarella', '4', 5);
INSERT INTO Fase
VALUES('aaa0020', 'Mozzarella', '5', 50);
INSERT INTO Fase
VALUES('aaa0021', 'Mozzarella', '6', 30);
INSERT INTO Fase
VALUES('aaa0022', 'Mozzarella', '7', 10);
INSERT INTO Fase
VALUES('aaa0023', 'Mozzarella', '8', 15);
INSERT INTO Fase
VALUES('aaa0024', 'Robiola-Mucca', '1', 20);
INSERT INTO Fase
VALUES('aaa0025', 'Robiola-Mucca', '2', 45);
INSERT INTO Fase
VALUES('aaa0026', 'Robiola-Mucca', '3', 30);
INSERT INTO Fase
VALUES('aaa0027', 'Robiola-Mucca', '4', 15);
INSERT INTO Fase
VALUES('aaa0028', 'Robiola-Mucca', '5', 10);
INSERT INTO Fase
VALUES('aaa0029', 'Robiola-Mucca', '6', 5);
INSERT INTO Fase
VALUES('aaa0030', 'Robiola-Mucca', '7', 5);
INSERT INTO Fase
VALUES('aaa0031', 'Robiola-Mucca', '8', 20);
INSERT INTO Fase
VALUES('aaa0032', 'Robiola-Pecora', '1', 20);
INSERT INTO Fase
VALUES('aaa0033', 'Robiola-Pecora', '2', 45);
INSERT INTO Fase
VALUES('aaa0034', 'Robiola-Pecora', '3', 30);
INSERT INTO Fase
VALUES('aaa0035', 'Robiola-Pecora', '4', 15);
INSERT INTO Fase
VALUES('aaa0036', 'Robiola-Pecora', '5', 10);
INSERT INTO Fase
VALUES('aaa0037', 'Robiola-Pecora', '6', 5);
INSERT INTO Fase
VALUES('aaa0038', 'Robiola-Pecora', '7', 5);
INSERT INTO Fase
VALUES('aaa0039', 'Robiola-Pecora', '8', 20);
INSERT INTO Fase
VALUES('aaa0040', 'Robiola-Capra', '1', 20);
INSERT INTO Fase
VALUES('aaa0041', 'Robiola-Capra', '2', 45);
INSERT INTO Fase
VALUES('aaa0042', 'Robiola-Capra', '3', 30);
INSERT INTO Fase
VALUES('aaa0043', 'Robiola-Capra', '4', 15);
INSERT INTO Fase
VALUES('aaa0044', 'Robiola-Capra', '5', 10);
INSERT INTO Fase
VALUES('aaa0045', 'Robiola-Capra', '6', 5);
INSERT INTO Fase
VALUES('aaa0046', 'Robiola-Capra', '7', 5);
INSERT INTO Fase
VALUES('aaa0047', 'Robiola-Capra', '8', 20);
INSERT INTO Fase
VALUES('aaa0048', 'Scamorza', '1', 20);
INSERT INTO Fase
VALUES('aaa0049', 'Scamorza', '2', 10);
INSERT INTO Fase
VALUES('aaa0050', 'Scamorza', '3', 15);
INSERT INTO Fase
VALUES('aaa0051', 'Scamorza', '4', 5);
INSERT INTO Fase
VALUES('aaa0052', 'Scamorza', '5', 50);
INSERT INTO Fase
VALUES('aaa0053', 'Scamorza', '6', 30);
INSERT INTO Fase
VALUES('aaa0054', 'Scamorza', '7', 10);
INSERT INTO Fase
VALUES('aaa0055', 'Scamorza', '8', 15);
INSERT INTO Fase
VALUES('aaa0056', 'Squacquerone', '1', 20);
INSERT INTO Fase
VALUES('aaa0057', 'Squacquerone', '2', 10);
INSERT INTO Fase
VALUES('aaa0058', 'Squacquerone', '3', 5);
INSERT INTO Fase
VALUES('aaa0059', 'Squacquerone', '4', 9);
INSERT INTO Fase
VALUES('aaa0060', 'Squacquerone', '5', 45);
INSERT INTO Fase
VALUES('aaa0061', 'Squacquerone', '6', 20);
INSERT INTO Fase
VALUES('aaa0062', 'Squacquerone', '7', 30);
INSERT INTO Fase
VALUES('aaa0063', 'Squacquerone', '8', 15);
INSERT INTO Fase
VALUES('aaa0064', 'Gorgonzola', '1', 15);
INSERT INTO Fase
VALUES('aaa0065', 'Gorgonzola', '2', 5);
INSERT INTO Fase
VALUES('aaa0066', 'Gorgonzola', '3', 10);
INSERT INTO Fase
VALUES('aaa0067', 'Gorgonzola', '4', 20);
INSERT INTO Fase
VALUES('aaa0068', 'Gorgonzola', '5', 30);
INSERT INTO Fase
VALUES('aaa0069', 'Gorgonzola', '6', 10);
INSERT INTO Fase
VALUES('aaa0070', 'Gorgonzola', '7', 45);
INSERT INTO Fase
VALUES('aaa0071', 'Gorgonzola', '8', 15);
INSERT INTO Fase
VALUES('aaa0072', 'Caciocavallo', '1', 20);
INSERT INTO Fase
VALUES('aaa0073', 'Caciocavallo', '2', 10);
INSERT INTO Fase
VALUES('aaa0074', 'Caciocavallo', '3', 15);
INSERT INTO Fase
VALUES('aaa0075', 'Caciocavallo', '4', 5);
INSERT INTO Fase
VALUES('aaa0076', 'Caciocavallo', '5', 50);
INSERT INTO Fase
VALUES('aaa0077', 'Caciocavallo', '6', 30);
INSERT INTO Fase
VALUES('aaa0078', 'Caciocavallo', '7', 10);
INSERT INTO Fase
VALUES('aaa0079', 'Caciocavallo', '8', 15);
INSERT INTO Fase
VALUES('aaa0080', 'Caprino', '1', 20);
INSERT INTO Fase
VALUES('aaa0081', 'Caprino', '2', 5);
INSERT INTO Fase
VALUES('aaa0082', 'Caprino', '3', 10);
INSERT INTO Fase
VALUES('aaa0083', 'Caprino', '4', 30);
INSERT INTO Fase
VALUES('aaa0084', 'Caprino', '5', 40);
INSERT INTO Fase
VALUES('aaa0085', 'Caprino', '6', 25);
INSERT INTO Fase
VALUES('aaa0086', 'Caprino', '7', 5);
INSERT INTO Fase
VALUES('aaa0087', 'Caprino', '8', 10);
INSERT INTO Fase
VALUES('aaa0088', 'Ricotta-Mucca', '1', 20);
INSERT INTO Fase
VALUES('aaa0089', 'Ricotta-Mucca', '2', 35);
INSERT INTO Fase
VALUES('aaa0090', 'Ricotta-Mucca', '3', 5);
INSERT INTO Fase
VALUES('aaa0091', 'Ricotta-Mucca', '4', 10);
INSERT INTO Fase
VALUES('aaa0092', 'Ricotta-Mucca', '5', 15);
INSERT INTO Fase
VALUES('aaa0093', 'Ricotta-Mucca', '6', 20);
INSERT INTO Fase
VALUES('aaa0094', 'Ricotta-Mucca', '7', 25);
INSERT INTO Fase
VALUES('aaa0095', 'Ricotta-Mucca', '8', 10);
INSERT INTO Fase
VALUES('aaa0096', 'Ricotta-Pecora', '1', 20);
INSERT INTO Fase
VALUES('aaa0097', 'Ricotta-Pecora', '2', 35);
INSERT INTO Fase
VALUES('aaa0098', 'Ricotta-Pecora', '3', 5);
INSERT INTO Fase
VALUES('aaa0099', 'Ricotta-Pecora', '4', 10);
INSERT INTO Fase
VALUES('aaa0100', 'Ricotta-Pecora', '5', 15);
INSERT INTO Fase
VALUES('aaa0101', 'Ricotta-Pecora', '6', 20);
INSERT INTO Fase
VALUES('aaa0102', 'Ricotta-Pecora', '7', 25);
INSERT INTO Fase
VALUES('aaa0103', 'Ricotta-Pecora', '8', 10);
INSERT INTO Fase
VALUES('aaa0104', 'Ricotta-Capra', '1', 20);
INSERT INTO Fase
VALUES('aaa0105', 'Ricotta-Capra', '2', 35);
INSERT INTO Fase
VALUES('aaa0106', 'Ricotta-Capra', '3', 5);
INSERT INTO Fase
VALUES('aaa0107', 'Ricotta-Capra', '4', 10);
INSERT INTO Fase
VALUES('aaa0108', 'Ricotta-Capra', '5', 15);
INSERT INTO Fase
VALUES('aaa0109', 'Ricotta-Capra', '6', 20);
INSERT INTO Fase
VALUES('aaa0110', 'Ricotta-Capra', '7', 25);
INSERT INTO Fase
VALUES('aaa0111','Ricotta-Capra', '8', 10);
INSERT INTO Fase
VALUES('aaa0112', 'Parmigiano', '1', 20);
INSERT INTO Fase
VALUES('aaa0113', 'Parmigiano', '2', 10);
INSERT INTO Fase
VALUES('aaa0114', 'Parmigiano', '3', 5);
INSERT INTO Fase
VALUES('aaa0115', 'Parmigiano', '4', 10);
INSERT INTO Fase
VALUES('aaa0116', 'Parmigiano', '5', 30);
INSERT INTO Fase
VALUES('aaa0117', 'Parmigiano', '6', 50);
INSERT INTO Fase
VALUES('aaa0118', 'Parmigiano', '7', 25);
INSERT INTO Fase
VALUES('aaa0119', 'Parmigiano', '8', 5);
INSERT INTO Fase
VALUES('aaa0120', 'Pecorino', '1', 5);
INSERT INTO Fase
VALUES('aaa0121', 'Pecorino', '2', 15);
INSERT INTO Fase
VALUES('aaa0122', 'Pecorino', '3', 25);
INSERT INTO Fase
VALUES('aaa0123', 'Pecorino', '4', 45);
INSERT INTO Fase
VALUES('aaa0124', 'Pecorino', '5', 15);
INSERT INTO Fase
VALUES('aaa0125', 'Pecorino', '6', 10);
INSERT INTO Fase
VALUES('aaa0126', 'Pecorino', '7', 5);
INSERT INTO Fase
VALUES('aaa0127', 'Pecorino', '8', 20);

-- PARAMETRI
INSERT INTO Parametro
VALUES('aaa0000', 'Percentuale Umidit', 0.4);
INSERT INTO Parametro
VALUES('aaa0000', 'Temperatura Lavorazione', 40);
INSERT INTO Parametro
VALUES('aaa0000', 'Temperatura Locale', 20);
INSERT INTO Parametro
VALUES('aaa0001', 'Percentuale Umidit', 0.3);
INSERT INTO Parametro
VALUES('aaa0001', 'Temperatura Lavorazione', 25);
INSERT INTO Parametro
VALUES('aaa0001', 'Temperatura Locale', 20);
INSERT INTO Parametro
VALUES('aaa0002', 'Percentuale Umidit', 0.2);
INSERT INTO Parametro
VALUES('aaa0002', 'Temperatura Lavorazione', 27);
INSERT INTO Parametro
VALUES('aaa0002', 'Temperatura Locale', 22);
INSERT INTO Parametro
VALUES('aaa0003', 'Percentuale Umidit', 0.3);
INSERT INTO Parametro
VALUES('aaa0003', 'Temperatura Lavorazione', 35);
INSERT INTO Parametro
VALUES('aaa0003', 'Temperatura Locale', 22);
INSERT INTO Parametro
VALUES('aaa0004', 'Percentuale Umidit', 0.4);
INSERT INTO Parametro
VALUES('aaa0004', 'Temperatura Lavorazione', 29);
INSERT INTO Parametro
VALUES('aaa0004', 'Temperatura Locale', 23);
INSERT INTO Parametro
VALUES('aaa0005', 'Percentuale Umidit', 0.2);
INSERT INTO Parametro
VALUES('aaa0005', 'Temperatura Lavorazione', 40);
INSERT INTO Parametro
VALUES('aaa0005', 'Temperatura Locale', 22);
INSERT INTO Parametro
VALUES('aaa0006', 'Percentuale Umidit', 0.2);
INSERT INTO Parametro
VALUES('aaa0006', 'Temperatura Lavorazione', 30);
INSERT INTO Parametro
VALUES('aaa0006', 'Temperatura Locale', 22);
INSERT INTO Parametro
VALUES('aaa0007', 'Percentuale Umidit', 0.5);
INSERT INTO Parametro
VALUES('aaa0007', 'Temperatura Lavorazione', 15);
INSERT INTO Parametro
VALUES('aaa0007', 'Temperatura Locale', 20);
INSERT INTO Parametro
VALUES('aaa0008', 'Percentuale Umidit', 0.4);
INSERT INTO Parametro
VALUES('aaa0008', 'Temperatura Lavorazione', 40);
INSERT INTO Parametro
VALUES('aaa0008', 'Temperatura Locale', 20);
INSERT INTO Parametro
VALUES('aaa0009', 'Percentuale Umidit', 0.3);
INSERT INTO Parametro
VALUES('aaa0009', 'Temperatura Lavorazione', 25);
INSERT INTO Parametro
VALUES('aaa0009', 'Temperatura Locale', 20);
INSERT INTO Parametro
VALUES('aaa0010', 'Percentuale Umidit', 0.2);
INSERT INTO Parametro
VALUES('aaa0010', 'Temperatura Lavorazione', 27);
INSERT INTO Parametro
VALUES('aaa0010', 'Temperatura Locale', 22);
INSERT INTO Parametro
VALUES('aaa0011', 'Percentuale Umidit', 0.3);
INSERT INTO Parametro
VALUES('aaa0011', 'Temperatura Lavorazione', 35);
INSERT INTO Parametro
VALUES('aaa0011', 'Temperatura Locale', 22);
INSERT INTO Parametro
VALUES('aaa0012', 'Percentuale Umidit', 0.4);
INSERT INTO Parametro
VALUES('aaa0012', 'Temperatura Lavorazione', 29);
INSERT INTO Parametro
VALUES('aaa0012', 'Temperatura Locale', 23);
INSERT INTO Parametro
VALUES('aaa0013', 'Percentuale Umidit', 0.2);
INSERT INTO Parametro
VALUES('aaa0013', 'Temperatura Lavorazione', 40);
INSERT INTO Parametro
VALUES('aaa0013', 'Temperatura Locale', 22);
INSERT INTO Parametro
VALUES('aaa0014', 'Percentuale Umidit', 0.2);
INSERT INTO Parametro
VALUES('aaa0014', 'Temperatura Lavorazione', 30);
INSERT INTO Parametro
VALUES('aaa0014', 'Temperatura Locale', 22);
INSERT INTO Parametro
VALUES('aaa0015', 'Percentuale Umidit', 0.5);
INSERT INTO Parametro
VALUES('aaa0015', 'Temperatura Lavorazione', 15);
INSERT INTO Parametro
VALUES('aaa0015', 'Temperatura Locale', 20);
INSERT INTO Parametro
VALUES('aaa0016', 'Percentuale Umidit', 0.4);
INSERT INTO Parametro
VALUES('aaa0016', 'Temperatura Lavorazione', 40);
INSERT INTO Parametro
VALUES('aaa0016', 'Temperatura Locale', 20);
INSERT INTO Parametro
VALUES('aaa0017', 'Percentuale Umidit', 0.3);
INSERT INTO Parametro
VALUES('aaa0017', 'Temperatura Lavorazione', 25);
INSERT INTO Parametro
VALUES('aaa0017', 'Temperatura Locale', 20);
INSERT INTO Parametro
VALUES('aaa0018', 'Percentuale Umidit', 0.2);
INSERT INTO Parametro
VALUES('aaa0018', 'Temperatura Lavorazione', 27);
INSERT INTO Parametro
VALUES('aaa0018', 'Temperatura Locale', 22);
INSERT INTO Parametro
VALUES('aaa0019', 'Percentuale Umidit', 0.3);
INSERT INTO Parametro
VALUES('aaa0019', 'Temperatura Lavorazione', 35);
INSERT INTO Parametro
VALUES('aaa0019', 'Temperatura Locale', 22);
INSERT INTO Parametro
VALUES('aaa0020', 'Percentuale Umidit', 0.4);
INSERT INTO Parametro
VALUES('aaa0020', 'Temperatura Lavorazione', 29);
INSERT INTO Parametro
VALUES('aaa0020', 'Temperatura Locale', 23);
INSERT INTO Parametro
VALUES('aaa0021', 'Percentuale Umidit', 0.2);
INSERT INTO Parametro
VALUES('aaa0021', 'Temperatura Lavorazione', 40);
INSERT INTO Parametro
VALUES('aaa0021', 'Temperatura Locale', 22);
INSERT INTO Parametro
VALUES('aaa0022', 'Percentuale Umidit', 0.2);
INSERT INTO Parametro
VALUES('aaa0022', 'Temperatura Lavorazione', 30);
INSERT INTO Parametro
VALUES('aaa0022', 'Temperatura Locale', 22);
INSERT INTO Parametro
VALUES('aaa0023', 'Percentuale Umidit', 0.5);
INSERT INTO Parametro
VALUES('aaa0023', 'Temperatura Lavorazione', 15);
INSERT INTO Parametro
VALUES('aaa0024', 'Percentuale Umidit', 0.4);
INSERT INTO Parametro
VALUES('aaa0024', 'Temperatura Lavorazione', 40);
INSERT INTO Parametro
VALUES('aaa0024', 'Temperatura Locale', 20);
INSERT INTO Parametro
VALUES('aaa0025', 'Percentuale Umidit', 0.3);
INSERT INTO Parametro
VALUES('aaa0025', 'Temperatura Lavorazione', 25);
INSERT INTO Parametro
VALUES('aaa0025', 'Temperatura Locale', 20);
INSERT INTO Parametro
VALUES('aaa0026', 'Percentuale Umidit', 0.2);
INSERT INTO Parametro
VALUES('aaa0026', 'Temperatura Lavorazione', 27);
INSERT INTO Parametro
VALUES('aaa0026', 'Temperatura Locale', 22);
INSERT INTO Parametro
VALUES('aaa0027', 'Percentuale Umidit', 0.3);
INSERT INTO Parametro
VALUES('aaa0027', 'Temperatura Lavorazione', 35);
INSERT INTO Parametro
VALUES('aaa0027', 'Temperatura Locale', 22);
INSERT INTO Parametro
VALUES('aaa0028', 'Percentuale Umidit', 0.4);
INSERT INTO Parametro
VALUES('aaa0028', 'Temperatura Lavorazione', 29);
INSERT INTO Parametro
VALUES('aaa0028', 'Temperatura Locale', 23);
INSERT INTO Parametro
VALUES('aaa0029', 'Percentuale Umidit', 0.2);
INSERT INTO Parametro
VALUES('aaa0029', 'Temperatura Lavorazione', 40);
INSERT INTO Parametro
VALUES('aaa0029', 'Temperatura Locale', 22);
INSERT INTO Parametro
VALUES('aaa0030', 'Percentuale Umidit', 0.2);
INSERT INTO Parametro
VALUES('aaa0030', 'Temperatura Lavorazione', 30);
INSERT INTO Parametro
VALUES('aaa0030', 'Temperatura Locale', 22);
INSERT INTO Parametro
VALUES('aaa0031', 'Percentuale Umidit', 0.5);
INSERT INTO Parametro
VALUES('aaa0031', 'Temperatura Lavorazione', 15);
INSERT INTO Parametro
VALUES('aaa0031', 'Temperatura Locale', 20);
INSERT INTO Parametro
VALUES('aaa0032', 'Percentuale Umidit', 0.4);
INSERT INTO Parametro
VALUES('aaa0032', 'Temperatura Lavorazione', 40);
INSERT INTO Parametro
VALUES('aaa0032', 'Temperatura Locale', 20);
INSERT INTO Parametro
VALUES('aaa0033', 'Percentuale Umidit', 0.3);
INSERT INTO Parametro
VALUES('aaa0033', 'Temperatura Lavorazione', 25);
INSERT INTO Parametro
VALUES('aaa0033', 'Temperatura Locale', 20);
INSERT INTO Parametro
VALUES('aaa0034', 'Percentuale Umidit', 0.2);
INSERT INTO Parametro
VALUES('aaa0034', 'Temperatura Lavorazione', 27);
INSERT INTO Parametro
VALUES('aaa0034', 'Temperatura Locale', 22);
INSERT INTO Parametro
VALUES('aaa0035', 'Percentuale Umidit', 0.3);
INSERT INTO Parametro
VALUES('aaa0035', 'Temperatura Lavorazione', 35);
INSERT INTO Parametro
VALUES('aaa0035', 'Temperatura Locale', 22);
INSERT INTO Parametro
VALUES('aaa0036', 'Percentuale Umidit', 0.4);
INSERT INTO Parametro
VALUES('aaa0036', 'Temperatura Lavorazione', 29);
INSERT INTO Parametro
VALUES('aaa0036', 'Temperatura Locale', 23);
INSERT INTO Parametro
VALUES('aaa0037', 'Percentuale Umidit', 0.2);
INSERT INTO Parametro
VALUES('aaa0037', 'Temperatura Lavorazione', 40);
INSERT INTO Parametro
VALUES('aaa0037', 'Temperatura Locale', 22);
INSERT INTO Parametro
VALUES('aaa0038', 'Percentuale Umidit', 0.2);
INSERT INTO Parametro
VALUES('aaa0038', 'Temperatura Lavorazione', 30);
INSERT INTO Parametro
VALUES('aaa0038', 'Temperatura Locale', 22);
INSERT INTO Parametro
VALUES('aaa0039', 'Percentuale Umidit', 0.5);
INSERT INTO Parametro
VALUES('aaa0039', 'Temperatura Lavorazione', 15);
INSERT INTO Parametro
VALUES('aaa0039', 'Temperatura Locale', 20);
INSERT INTO Parametro
VALUES('aaa0040', 'Percentuale Umidit', 0.4);
INSERT INTO Parametro
VALUES('aaa0040', 'Temperatura Lavorazione', 40);
INSERT INTO Parametro
VALUES('aaa0040', 'Temperatura Locale', 20);
INSERT INTO Parametro
VALUES('aaa0041', 'Percentuale Umidit', 0.3);
INSERT INTO Parametro
VALUES('aaa0041', 'Temperatura Lavorazione', 25);
INSERT INTO Parametro
VALUES('aaa0041', 'Temperatura Locale', 20);
INSERT INTO Parametro
VALUES('aaa0042', 'Percentuale Umidit', 0.2);
INSERT INTO Parametro
VALUES('aaa0042', 'Temperatura Lavorazione', 27);
INSERT INTO Parametro
VALUES('aaa0042', 'Temperatura Locale', 22);
INSERT INTO Parametro
VALUES('aaa0043', 'Percentuale Umidit', 0.3);
INSERT INTO Parametro
VALUES('aaa0043', 'Temperatura Lavorazione', 35);
INSERT INTO Parametro
VALUES('aaa0043', 'Temperatura Locale', 22);
INSERT INTO Parametro
VALUES('aaa0044', 'Percentuale Umidit', 0.4);
INSERT INTO Parametro
VALUES('aaa0044', 'Temperatura Lavorazione', 29);
INSERT INTO Parametro
VALUES('aaa0044', 'Temperatura Locale', 23);
INSERT INTO Parametro
VALUES('aaa0045', 'Percentuale Umidit', 0.2);
INSERT INTO Parametro
VALUES('aaa0045', 'Temperatura Lavorazione', 40);
INSERT INTO Parametro
VALUES('aaa0045', 'Temperatura Locale', 22);
INSERT INTO Parametro
VALUES('aaa0046', 'Percentuale Umidit', 0.2);
INSERT INTO Parametro
VALUES('aaa0046', 'Temperatura Lavorazione', 30);
INSERT INTO Parametro
VALUES('aaa0046', 'Temperatura Locale', 22);
INSERT INTO Parametro
VALUES('aaa0047', 'Percentuale Umidit', 0.5);
INSERT INTO Parametro
VALUES('aaa0047', 'Temperatura Lavorazione', 15);
INSERT INTO Parametro
VALUES('aaa0047', 'Temperatura Locale', 20);
INSERT INTO Parametro
VALUES('aaa0048', 'Percentuale Umidit', 0.4);
INSERT INTO Parametro
VALUES('aaa0048', 'Temperatura Lavorazione', 40);
INSERT INTO Parametro
VALUES('aaa0048', 'Temperatura Locale', 20);
INSERT INTO Parametro
VALUES('aaa0049', 'Percentuale Umidit', 0.3);
INSERT INTO Parametro
VALUES('aaa0049', 'Temperatura Lavorazione', 25);
INSERT INTO Parametro
VALUES('aaa0049', 'Temperatura Locale', 20);
INSERT INTO Parametro
VALUES('aaa0050', 'Percentuale Umidit', 0.2);
INSERT INTO Parametro
VALUES('aaa0050', 'Temperatura Lavorazione', 27);
INSERT INTO Parametro
VALUES('aaa0050', 'Temperatura Locale', 22);
INSERT INTO Parametro
VALUES('aaa0051', 'Percentuale Umidit', 0.3);
INSERT INTO Parametro
VALUES('aaa0051', 'Temperatura Lavorazione', 35);
INSERT INTO Parametro
VALUES('aaa0051', 'Temperatura Locale', 22);
INSERT INTO Parametro
VALUES('aaa0052', 'Percentuale Umidit', 0.4);
INSERT INTO Parametro
VALUES('aaa0052', 'Temperatura Lavorazione', 29);
INSERT INTO Parametro
VALUES('aaa0052', 'Temperatura Locale', 23);
INSERT INTO Parametro
VALUES('aaa0053', 'Percentuale Umidit', 0.2);
INSERT INTO Parametro
VALUES('aaa0053', 'Temperatura Lavorazione', 40);
INSERT INTO Parametro
VALUES('aaa0053', 'Temperatura Locale', 22);
INSERT INTO Parametro
VALUES('aaa0054', 'Percentuale Umidit', 0.2);
INSERT INTO Parametro
VALUES('aaa0054', 'Temperatura Lavorazione', 30);
INSERT INTO Parametro
VALUES('aaa0054', 'Temperatura Locale', 22);
INSERT INTO Parametro
VALUES('aaa0055', 'Percentuale Umidit', 0.5);
INSERT INTO Parametro
VALUES('aaa0055', 'Temperatura Lavorazione', 15);
INSERT INTO Parametro
VALUES('aaa0055', 'Temperatura Locale', 20);
INSERT INTO Parametro
VALUES('aaa0056', 'Percentuale Umidit', 0.4);
INSERT INTO Parametro
VALUES('aaa0056', 'Temperatura Lavorazione', 40);
INSERT INTO Parametro
VALUES('aaa0056', 'Temperatura Locale', 20);
INSERT INTO Parametro
VALUES('aaa0057', 'Percentuale Umidit', 0.3);
INSERT INTO Parametro
VALUES('aaa0057', 'Temperatura Lavorazione', 25);
INSERT INTO Parametro
VALUES('aaa0057', 'Temperatura Locale', 20);
INSERT INTO Parametro
VALUES('aaa0058', 'Percentuale Umidit', 0.2);
INSERT INTO Parametro
VALUES('aaa0058', 'Temperatura Lavorazione', 27);
INSERT INTO Parametro
VALUES('aaa0058', 'Temperatura Locale', 22);
INSERT INTO Parametro
VALUES('aaa0059', 'Percentuale Umidit', 0.3);
INSERT INTO Parametro
VALUES('aaa0059', 'Temperatura Lavorazione', 35);
INSERT INTO Parametro
VALUES('aaa0059', 'Temperatura Locale', 22);
INSERT INTO Parametro
VALUES('aaa0060', 'Percentuale Umidit', 0.4);
INSERT INTO Parametro
VALUES('aaa0060', 'Temperatura Lavorazione', 29);
INSERT INTO Parametro
VALUES('aaa0060', 'Temperatura Locale', 23);
INSERT INTO Parametro
VALUES('aaa0061', 'Percentuale Umidit', 0.2);
INSERT INTO Parametro
VALUES('aaa0061', 'Temperatura Lavorazione', 40);
INSERT INTO Parametro
VALUES('aaa0061', 'Temperatura Locale', 22);
INSERT INTO Parametro
VALUES('aaa0062', 'Percentuale Umidit', 0.2);
INSERT INTO Parametro
VALUES('aaa0062', 'Temperatura Lavorazione', 30);
INSERT INTO Parametro
VALUES('aaa0062', 'Temperatura Locale', 22);
INSERT INTO Parametro
VALUES('aaa0063', 'Percentuale Umidit', 0.5);
INSERT INTO Parametro
VALUES('aaa0063', 'Temperatura Lavorazione', 15);
INSERT INTO Parametro
VALUES('aaa0063', 'Temperatura Locale', 20);
INSERT INTO Parametro
VALUES('aaa0064', 'Percentuale Umidit', 0.4);
INSERT INTO Parametro
VALUES('aaa0064', 'Temperatura Lavorazione', 40);
INSERT INTO Parametro
VALUES('aaa0064', 'Temperatura Locale', 20);
INSERT INTO Parametro
VALUES('aaa0065', 'Percentuale Umidit', 0.3);
INSERT INTO Parametro
VALUES('aaa0065', 'Temperatura Lavorazione', 25);
INSERT INTO Parametro
VALUES('aaa0065', 'Temperatura Locale', 20);
INSERT INTO Parametro
VALUES('aaa0066', 'Percentuale Umidit', 0.2);
INSERT INTO Parametro
VALUES('aaa0066', 'Temperatura Lavorazione', 27);
INSERT INTO Parametro
VALUES('aaa0066', 'Temperatura Locale', 22);
INSERT INTO Parametro
VALUES('aaa0067', 'Percentuale Umidit', 0.3);
INSERT INTO Parametro
VALUES('aaa0067', 'Temperatura Lavorazione', 35);
INSERT INTO Parametro
VALUES('aaa0067', 'Temperatura Locale', 22);
INSERT INTO Parametro
VALUES('aaa0068', 'Percentuale Umidit', 0.4);
INSERT INTO Parametro
VALUES('aaa0068', 'Temperatura Lavorazione', 29);
INSERT INTO Parametro
VALUES('aaa0068', 'Temperatura Locale', 23);
INSERT INTO Parametro
VALUES('aaa0069', 'Percentuale Umidit', 0.2);
INSERT INTO Parametro
VALUES('aaa0069', 'Temperatura Lavorazione', 40);
INSERT INTO Parametro
VALUES('aaa0069', 'Temperatura Locale', 22);
INSERT INTO Parametro
VALUES('aaa0070', 'Percentuale Umidit', 0.2);
INSERT INTO Parametro
VALUES('aaa0070', 'Temperatura Lavorazione', 30);
INSERT INTO Parametro
VALUES('aaa0070', 'Temperatura Locale', 22);
INSERT INTO Parametro
VALUES('aaa0071', 'Percentuale Umidit', 0.5);
INSERT INTO Parametro
VALUES('aaa0071', 'Temperatura Lavorazione', 15);
INSERT INTO Parametro
VALUES('aaa0071', 'Temperatura Locale', 20);
INSERT INTO Parametro
VALUES('aaa0072', 'Percentuale Umidit', 0.4);
INSERT INTO Parametro
VALUES('aaa0072', 'Temperatura Lavorazione', 40);
INSERT INTO Parametro
VALUES('aaa0072', 'Temperatura Locale', 20);
INSERT INTO Parametro
VALUES('aaa0073', 'Percentuale Umidit', 0.3);
INSERT INTO Parametro
VALUES('aaa0073', 'Temperatura Lavorazione', 25);
INSERT INTO Parametro
VALUES('aaa0073', 'Temperatura Locale', 20);
INSERT INTO Parametro
VALUES('aaa0074', 'Percentuale Umidit', 0.2);
INSERT INTO Parametro
VALUES('aaa0074', 'Temperatura Lavorazione', 27);
INSERT INTO Parametro
VALUES('aaa0074', 'Temperatura Locale', 22);
INSERT INTO Parametro
VALUES('aaa0075', 'Percentuale Umidit', 0.3);
INSERT INTO Parametro
VALUES('aaa0075', 'Temperatura Lavorazione', 35);
INSERT INTO Parametro
VALUES('aaa0075', 'Temperatura Locale', 22);
INSERT INTO Parametro
VALUES('aaa0076', 'Percentuale Umidit', 0.4);
INSERT INTO Parametro
VALUES('aaa0076', 'Temperatura Lavorazione', 29);
INSERT INTO Parametro
VALUES('aaa0076', 'Temperatura Locale', 23);
INSERT INTO Parametro
VALUES('aaa0077', 'Percentuale Umidit', 0.2);
INSERT INTO Parametro
VALUES('aaa0077', 'Temperatura Lavorazione', 40);
INSERT INTO Parametro
VALUES('aaa0077', 'Temperatura Locale', 22);
INSERT INTO Parametro
VALUES('aaa0078', 'Percentuale Umidit', 0.2);
INSERT INTO Parametro
VALUES('aaa0078', 'Temperatura Lavorazione', 30);
INSERT INTO Parametro
VALUES('aaa0078', 'Temperatura Locale', 22);
INSERT INTO Parametro
VALUES('aaa0079', 'Percentuale Umidit', 0.5);
INSERT INTO Parametro
VALUES('aaa0079', 'Temperatura Lavorazione', 15);
INSERT INTO Parametro
VALUES('aaa0079', 'Temperatura Locale', 20);
INSERT INTO Parametro
VALUES('aaa0080', 'Percentuale Umidit', 0.4);
INSERT INTO Parametro
VALUES('aaa0080', 'Temperatura Lavorazione', 40);
INSERT INTO Parametro
VALUES('aaa0080', 'Temperatura Locale', 20);
INSERT INTO Parametro
VALUES('aaa0081', 'Percentuale Umidit', 0.3);
INSERT INTO Parametro
VALUES('aaa0081', 'Temperatura Lavorazione', 25);
INSERT INTO Parametro
VALUES('aaa0081', 'Temperatura Locale', 20);
INSERT INTO Parametro
VALUES('aaa0082', 'Percentuale Umidit', 0.2);
INSERT INTO Parametro
VALUES('aaa0082', 'Temperatura Lavorazione', 27);
INSERT INTO Parametro
VALUES('aaa0082', 'Temperatura Locale', 22);
INSERT INTO Parametro
VALUES('aaa0083', 'Percentuale Umidit', 0.3);
INSERT INTO Parametro
VALUES('aaa0083', 'Temperatura Lavorazione', 35);
INSERT INTO Parametro
VALUES('aaa0083', 'Temperatura Locale', 22);
INSERT INTO Parametro
VALUES('aaa0084', 'Percentuale Umidit', 0.4);
INSERT INTO Parametro
VALUES('aaa0084', 'Temperatura Lavorazione', 29);
INSERT INTO Parametro
VALUES('aaa0084', 'Temperatura Locale', 23);
INSERT INTO Parametro
VALUES('aaa0085', 'Percentuale Umidit', 0.2);
INSERT INTO Parametro
VALUES('aaa0085', 'Temperatura Lavorazione', 40);
INSERT INTO Parametro
VALUES('aaa0085', 'Temperatura Locale', 22);
INSERT INTO Parametro
VALUES('aaa0086', 'Percentuale Umidit', 0.2);
INSERT INTO Parametro
VALUES('aaa0086', 'Temperatura Lavorazione', 30);
INSERT INTO Parametro
VALUES('aaa0086', 'Temperatura Locale', 22);
INSERT INTO Parametro
VALUES('aaa0087', 'Percentuale Umidit', 0.5);
INSERT INTO Parametro
VALUES('aaa0087', 'Temperatura Lavorazione', 15);
INSERT INTO Parametro
VALUES('aaa0087', 'Temperatura Locale', 20);
INSERT INTO Parametro
VALUES('aaa0088', 'Percentuale Umidit', 0.4);
INSERT INTO Parametro
VALUES('aaa0088', 'Temperatura Lavorazione', 40);
INSERT INTO Parametro
VALUES('aaa0088', 'Temperatura Locale', 20);
INSERT INTO Parametro
VALUES('aaa0089', 'Percentuale Umidit', 0.3);
INSERT INTO Parametro
VALUES('aaa0089', 'Temperatura Lavorazione', 25);
INSERT INTO Parametro
VALUES('aaa0089', 'Temperatura Locale', 20);
INSERT INTO Parametro
VALUES('aaa0090', 'Percentuale Umidit', 0.2);
INSERT INTO Parametro
VALUES('aaa0090', 'Temperatura Lavorazione', 27);
INSERT INTO Parametro
VALUES('aaa0090', 'Temperatura Locale', 22);
INSERT INTO Parametro
VALUES('aaa0091', 'Percentuale Umidit', 0.3);
INSERT INTO Parametro
VALUES('aaa0091', 'Temperatura Lavorazione', 35);
INSERT INTO Parametro
VALUES('aaa0091', 'Temperatura Locale', 22);
INSERT INTO Parametro
VALUES('aaa0092', 'Percentuale Umidit', 0.4);
INSERT INTO Parametro
VALUES('aaa0092', 'Temperatura Lavorazione', 29);
INSERT INTO Parametro
VALUES('aaa0092', 'Temperatura Locale', 23);
INSERT INTO Parametro
VALUES('aaa0093', 'Percentuale Umidit', 0.2);
INSERT INTO Parametro
VALUES('aaa0093', 'Temperatura Lavorazione', 40);
INSERT INTO Parametro
VALUES('aaa0093', 'Temperatura Locale', 22);
INSERT INTO Parametro
VALUES('aaa0094', 'Percentuale Umidit', 0.2);
INSERT INTO Parametro
VALUES('aaa0094', 'Temperatura Lavorazione', 30);
INSERT INTO Parametro
VALUES('aaa0094', 'Temperatura Locale', 22);
INSERT INTO Parametro
VALUES('aaa0095', 'Percentuale Umidit', 0.5);
INSERT INTO Parametro
VALUES('aaa0095', 'Temperatura Lavorazione', 15);
INSERT INTO Parametro
VALUES('aaa0095', 'Temperatura Locale', 20);
INSERT INTO Parametro
VALUES('aaa0096', 'Percentuale Umidit', 0.4);
INSERT INTO Parametro
VALUES('aaa0096', 'Temperatura Lavorazione', 40);
INSERT INTO Parametro
VALUES('aaa0096', 'Temperatura Locale', 20);
INSERT INTO Parametro
VALUES('aaa0097', 'Percentuale Umidit', 0.3);
INSERT INTO Parametro
VALUES('aaa0097', 'Temperatura Lavorazione', 25);
INSERT INTO Parametro
VALUES('aaa0097', 'Temperatura Locale', 20);
INSERT INTO Parametro
VALUES('aaa0098', 'Percentuale Umidit', 0.2);
INSERT INTO Parametro
VALUES('aaa0098', 'Temperatura Lavorazione', 27);
INSERT INTO Parametro
VALUES('aaa0098', 'Temperatura Locale', 22);
INSERT INTO Parametro
VALUES('aaa0099', 'Percentuale Umidit', 0.3);
INSERT INTO Parametro
VALUES('aaa0099', 'Temperatura Lavorazione', 35);
INSERT INTO Parametro
VALUES('aaa0099', 'Temperatura Locale', 22);
INSERT INTO Parametro
VALUES('aaa0100', 'Percentuale Umidit', 0.4);
INSERT INTO Parametro
VALUES('aaa0100', 'Temperatura Lavorazione', 29);
INSERT INTO Parametro
VALUES('aaa0100', 'Temperatura Locale', 23);
INSERT INTO Parametro
VALUES('aaa0101', 'Percentuale Umidit', 0.2);
INSERT INTO Parametro
VALUES('aaa0101', 'Temperatura Lavorazione', 40);
INSERT INTO Parametro
VALUES('aaa0101', 'Temperatura Locale', 22);
INSERT INTO Parametro
VALUES('aaa0102', 'Percentuale Umidit', 0.2);
INSERT INTO Parametro
VALUES('aaa0102', 'Temperatura Lavorazione', 30);
INSERT INTO Parametro
VALUES('aaa0102', 'Temperatura Locale', 22);
INSERT INTO Parametro
VALUES('aaa0103', 'Percentuale Umidit', 0.5);
INSERT INTO Parametro
VALUES('aaa0103', 'Temperatura Lavorazione', 15);
INSERT INTO Parametro
VALUES('aaa0103', 'Temperatura Locale', 20);
INSERT INTO Parametro
VALUES('aaa0104', 'Percentuale Umidit', 0.4);
INSERT INTO Parametro
VALUES('aaa0104', 'Temperatura Lavorazione', 40);
INSERT INTO Parametro
VALUES('aaa0104', 'Temperatura Locale', 20);
INSERT INTO Parametro
VALUES('aaa0105', 'Percentuale Umidit', 0.3);
INSERT INTO Parametro
VALUES('aaa0105', 'Temperatura Lavorazione', 25);
INSERT INTO Parametro
VALUES('aaa0105', 'Temperatura Locale', 20);
INSERT INTO Parametro
VALUES('aaa0106', 'Percentuale Umidit', 0.2);
INSERT INTO Parametro
VALUES('aaa0106', 'Temperatura Lavorazione', 27);
INSERT INTO Parametro
VALUES('aaa0106', 'Temperatura Locale', 22);
INSERT INTO Parametro
VALUES('aaa0107', 'Percentuale Umidit', 0.3);
INSERT INTO Parametro
VALUES('aaa0107', 'Temperatura Lavorazione', 35);
INSERT INTO Parametro
VALUES('aaa0107', 'Temperatura Locale', 22);
INSERT INTO Parametro
VALUES('aaa0108', 'Percentuale Umidit', 0.4);
INSERT INTO Parametro
VALUES('aaa0108', 'Temperatura Lavorazione', 29);
INSERT INTO Parametro
VALUES('aaa0108', 'Temperatura Locale', 23);
INSERT INTO Parametro
VALUES('aaa0109', 'Percentuale Umidit', 0.2);
INSERT INTO Parametro
VALUES('aaa0109', 'Temperatura Lavorazione', 40);
INSERT INTO Parametro
VALUES('aaa0109', 'Temperatura Locale', 22);
INSERT INTO Parametro
VALUES('aaa0110', 'Percentuale Umidit', 0.2);
INSERT INTO Parametro
VALUES('aaa0110', 'Temperatura Lavorazione', 30);
INSERT INTO Parametro
VALUES('aaa0110', 'Temperatura Locale', 22);
INSERT INTO Parametro
VALUES('aaa0111', 'Percentuale Umidit', 0.5);
INSERT INTO Parametro
VALUES('aaa0111', 'Temperatura Lavorazione', 15);
INSERT INTO Parametro
VALUES('aaa0111', 'Temperatura Locale', 20);
INSERT INTO Parametro
VALUES('aaa0112', 'Percentuale Umidit', 0.4);
INSERT INTO Parametro
VALUES('aaa0112', 'Temperatura Lavorazione', 40);
INSERT INTO Parametro
VALUES('aaa0112', 'Temperatura Locale', 20);
INSERT INTO Parametro
VALUES('aaa0113', 'Percentuale Umidit', 0.3);
INSERT INTO Parametro
VALUES('aaa0113', 'Temperatura Lavorazione', 25);
INSERT INTO Parametro
VALUES('aaa0113', 'Temperatura Locale', 20);
INSERT INTO Parametro
VALUES('aaa0114', 'Percentuale Umidit', 0.2);
INSERT INTO Parametro
VALUES('aaa0114', 'Temperatura Lavorazione', 27);
INSERT INTO Parametro
VALUES('aaa0114', 'Temperatura Locale', 22);
INSERT INTO Parametro
VALUES('aaa0115', 'Percentuale Umidit', 0.3);
INSERT INTO Parametro
VALUES('aaa0115', 'Temperatura Lavorazione', 35);
INSERT INTO Parametro
VALUES('aaa0115', 'Temperatura Locale', 22);
INSERT INTO Parametro
VALUES('aaa0116', 'Percentuale Umidit', 0.4);
INSERT INTO Parametro
VALUES('aaa0116', 'Temperatura Lavorazione', 29);
INSERT INTO Parametro
VALUES('aaa0116', 'Temperatura Locale', 23);
INSERT INTO Parametro
VALUES('aaa0117', 'Percentuale Umidit', 0.2);
INSERT INTO Parametro
VALUES('aaa0117', 'Temperatura Lavorazione', 40);
INSERT INTO Parametro
VALUES('aaa0117', 'Temperatura Locale', 22);
INSERT INTO Parametro
VALUES('aaa0118', 'Percentuale Umidit', 0.2);
INSERT INTO Parametro
VALUES('aaa0118', 'Temperatura Lavorazione', 30);
INSERT INTO Parametro
VALUES('aaa0118', 'Temperatura Locale', 22);
INSERT INTO Parametro
VALUES('aaa0119', 'Percentuale Umidit', 0.5);
INSERT INTO Parametro
VALUES('aaa0119', 'Temperatura Lavorazione', 15);
INSERT INTO Parametro
VALUES('aaa0119', 'Temperatura Locale', 20);
INSERT INTO Parametro
VALUES('aaa0120', 'Percentuale Umidit', 0.4);
INSERT INTO Parametro
VALUES('aaa0120', 'Temperatura Lavorazione', 40);
INSERT INTO Parametro
VALUES('aaa0120', 'Temperatura Locale', 20);
INSERT INTO Parametro
VALUES('aaa0121', 'Percentuale Umidit', 0.3);
INSERT INTO Parametro
VALUES('aaa0121', 'Temperatura Lavorazione', 25);
INSERT INTO Parametro
VALUES('aaa0121', 'Temperatura Locale', 20);
INSERT INTO Parametro
VALUES('aaa0122', 'Percentuale Umidit', 0.2);
INSERT INTO Parametro
VALUES('aaa0122', 'Temperatura Lavorazione', 27);
INSERT INTO Parametro
VALUES('aaa0122', 'Temperatura Locale', 22);
INSERT INTO Parametro
VALUES('aaa0123', 'Percentuale Umidit', 0.3);
INSERT INTO Parametro
VALUES('aaa0123', 'Temperatura Lavorazione', 35);
INSERT INTO Parametro
VALUES('aaa0123', 'Temperatura Locale', 22);
INSERT INTO Parametro
VALUES('aaa0124', 'Percentuale Umidit', 0.4);
INSERT INTO Parametro
VALUES('aaa0124', 'Temperatura Lavorazione', 29);
INSERT INTO Parametro
VALUES('aaa0124', 'Temperatura Locale', 23);
INSERT INTO Parametro
VALUES('aaa0125', 'Percentuale Umidit', 0.2);
INSERT INTO Parametro
VALUES('aaa0125', 'Temperatura Lavorazione', 40);
INSERT INTO Parametro
VALUES('aaa0125', 'Temperatura Locale', 22);
INSERT INTO Parametro
VALUES('aaa0126', 'Percentuale Umidit', 0.2);
INSERT INTO Parametro
VALUES('aaa0126', 'Temperatura Lavorazione', 30);
INSERT INTO Parametro
VALUES('aaa0126', 'Temperatura Locale', 22);
INSERT INTO Parametro
VALUES('aaa0127', 'Percentuale Umidit', 0.5);
INSERT INTO Parametro
VALUES('aaa0127', 'Temperatura Lavorazione', 15);
INSERT INTO Parametro
VALUES('aaa0127', 'Temperatura Locale', 20);

-- laboratorio
INSERT INTO Laboratorio
VALUES ('aaa0000');
INSERT INTO Laboratorio
VALUES ('aaa0001');
INSERT INTO Laboratorio
VALUES ('aaa0002');
INSERT INTO Laboratorio
VALUES ('aaa0003');
INSERT INTO Laboratorio
VALUES ('aaa0004');
INSERT INTO Laboratorio
VALUES ('aaa0005');
INSERT INTO Laboratorio
VALUES ('aaa0006');
INSERT INTO Laboratorio
VALUES ('aaa0007');
INSERT INTO Laboratorio
VALUES ('aaa0008');
INSERT INTO Laboratorio
VALUES ('aaa0009');

-- lotto
INSERT INTO Lotto
VALUES ('aaa0000', '2018-05-07', '2019-10-10', 'aaa0000');
INSERT INTO Lotto
VALUES ('aaa0001', '2019-03-06', '2019-10-10', 'aaa0001');
INSERT INTO Lotto
VALUES ('aaa0002', '2019-06-16', '2019-10-10', 'aaa0002');
INSERT INTO Lotto
VALUES ('aaa0003', '2019-08-25', '2019-09-30', 'aaa0003');
INSERT INTO Lotto
VALUES ('aaa0004', '2019-09-05', '2019-09-30', 'aaa0003');
INSERT INTO Lotto
VALUES ('aaa0005', '2019-07-25', '2019-09-27', 'aaa0003');

-- magazzino
INSERT INTO Magazzino
VALUES('aaa0000');
INSERT INTO Magazzino
VALUES('aaa0001');

-- scaffale magazzino
INSERT INTO Scaffale_Magazzino
VALUES('aaa0000','aaa0000', 40,null, NULL, NULL, 40);
INSERT INTO Scaffale_Magazzino
VALUES('aaa0003','aaa0000', 40, 'aaa0000', NULL, NULL, 40);
INSERT INTO Scaffale_Magazzino
VALUES('aaa0002','aaa0000', 40, 'aaa0003', NULL, NULL, 40);
INSERT INTO Scaffale_Magazzino
VALUES('aaa0001','aaa0000', 40, 'aaa0002', NULL, NULL, 40);
UPDATE Scaffale_Magazzino
SET ScaffaleSuccessivo='aaa0001'
WHERE CodiceScaffale='aaa0000';
INSERT INTO Scaffale_Magazzino
VALUES('aaa0004','aaa0001', 40, NULL, NULL, NULL, 40);
INSERT INTO Scaffale_Magazzino
VALUES('aaa0007','aaa0001', 40, 'aaa0004', NULL, NULL, 40);
INSERT INTO Scaffale_Magazzino
VALUES('aaa0006','aaa0001', 40, 'aaa0007', NULL, NULL, 40);
INSERT INTO Scaffale_Magazzino
VALUES('aaa0005','aaa0001', 40, 'aaa0006', NULL, NULL, 40);
UPDATE Scaffale_Magazzino
SET ScaffaleSuccessivo='aaa0004'
WHERE CodiceScaffale='aaa0005';


-- cantina

INSERT INTO Cantina
VALUES('aaa0000', 'Stracchino');
INSERT INTO Cantina
VALUES('aaa0001', 'Robiola-Mucca');
INSERT INTO Cantina
VALUES('aaa0002', 'Robiola-Pecora');
INSERT INTO Cantina
VALUES('aaa0003', 'Robiola-Capra');
INSERT INTO Cantina
VALUES('aaa0004', 'Scamorza');
INSERT INTO Cantina
VALUES('aaa0005', 'Squacquerone');
INSERT INTO Cantina
VALUES('aaa0006', 'Gorgonzola');
INSERT INTO Cantina
VALUES('aaa0007', 'Caciocavallo');
INSERT INTO Cantina
VALUES('aaa0008', 'Parmigiano');
INSERT INTO Cantina
VALUES('aaa0009', 'Pecorino');
INSERT INTO Cantina
VALUES ('aaa0010', 'Caprino');


INSERT INTO rilevazione_dati_impianti_condizionamento
VALUES('aaa0000', '2019-09-05 10:00:00', 20, 0.4, 0.5);
INSERT INTO rilevazione_dati_impianti_condizionamento
VALUES('aaa0000', '2019-09-05 14:00:00', 21, 0.35, 0.45);
INSERT INTO rilevazione_dati_impianti_condizionamento
VALUES('aaa0000', '2019-09-05 18:00:00', 20.5, 0.44, 0.55);
INSERT INTO rilevazione_dati_impianti_condizionamento
VALUES('aaa0001', '2019-09-05 10:00:00', 20, 0.4, 0.5);
INSERT INTO rilevazione_dati_impianti_condizionamento
VALUES('aaa0001', '2019-09-05 14:00:00', 21, 0.35, 0.45);
INSERT INTO rilevazione_dati_impianti_condizionamento
VALUES('aaa0001', '2019-09-05 18:00:00', 20.5, 0.44, 0.55);
INSERT INTO rilevazione_dati_impianti_condizionamento
VALUES('aaa0002', '2019-09-05 10:00:00', 20, 0.4, 0.5);
INSERT INTO rilevazione_dati_impianti_condizionamento
VALUES('aaa0002', '2019-09-05 14:00:00', 21, 0.35, 0.45);
INSERT INTO rilevazione_dati_impianti_condizionamento
VALUES('aaa0002', '2019-09-05 18:00:00', 20.5, 0.44, 0.55);
INSERT INTO rilevazione_dati_impianti_condizionamento
VALUES('aaa0003', '2019-09-05 10:00:00', 20, 0.4, 0.5);
INSERT INTO rilevazione_dati_impianti_condizionamento
VALUES('aaa0003', '2019-09-05 14:00:00', 21, 0.35, 0.45);
INSERT INTO rilevazione_dati_impianti_condizionamento
VALUES('aaa0003', '2019-09-05 18:00:00', 20.5, 0.44, 0.55);
INSERT INTO rilevazione_dati_impianti_condizionamento
VALUES('aaa0004', '2019-09-05 10:00:00', 20, 0.4, 0.5);
INSERT INTO rilevazione_dati_impianti_condizionamento
VALUES('aaa0004', '2019-09-05 14:00:00', 21, 0.35, 0.45);
INSERT INTO rilevazione_dati_impianti_condizionamento
VALUES('aaa0004', '2019-09-05 18:00:00', 20.5, 0.44, 0.55);
INSERT INTO rilevazione_dati_impianti_condizionamento
VALUES('aaa0005', '2019-09-05 10:00:00', 20, 0.4, 0.5);
INSERT INTO rilevazione_dati_impianti_condizionamento
VALUES('aaa0005', '2019-09-05 14:00:00', 21, 0.35, 0.45);
INSERT INTO rilevazione_dati_impianti_condizionamento
VALUES('aaa0005', '2019-09-05 18:00:00', 20.5, 0.44, 0.55);
INSERT INTO rilevazione_dati_impianti_condizionamento
VALUES('aaa0006', '2019-09-05 10:00:00', 20, 0.4, 0.5);
INSERT INTO rilevazione_dati_impianti_condizionamento
VALUES('aaa0006', '2019-09-05 14:00:00', 21, 0.35, 0.45);
INSERT INTO rilevazione_dati_impianti_condizionamento
VALUES('aaa0006', '2019-09-05 18:00:00', 20.5, 0.44, 0.55);
INSERT INTO rilevazione_dati_impianti_condizionamento
VALUES('aaa0007', '2019-09-05 10:00:00', 20, 0.4, 0.5);
INSERT INTO rilevazione_dati_impianti_condizionamento
VALUES('aaa0007', '2019-09-05 14:00:00', 21, 0.35, 0.45);
INSERT INTO rilevazione_dati_impianti_condizionamento
VALUES('aaa0007', '2019-09-05 18:00:00', 20.5, 0.44, 0.55);
INSERT INTO rilevazione_dati_impianti_condizionamento
VALUES('aaa0008', '2019-09-05 10:00:00', 20, 0.4, 0.5);
INSERT INTO rilevazione_dati_impianti_condizionamento
VALUES('aaa0008', '2019-09-05 14:00:00', 21, 0.35, 0.45);
INSERT INTO rilevazione_dati_impianti_condizionamento
VALUES('aaa0008', '2019-09-05 18:00:00', 20.5, 0.44, 0.55);
INSERT INTO rilevazione_dati_impianti_condizionamento
VALUES('aaa0009', '2019-09-05 10:00:00', 20, 0.4, 0.5);
INSERT INTO rilevazione_dati_impianti_condizionamento
VALUES('aaa0009', '2019-09-05 14:00:00', 21, 0.35, 0.45);
INSERT INTO rilevazione_dati_impianti_condizionamento
VALUES('aaa0009', '2019-09-05 18:00:00', 20.5, 0.44, 0.55);

-- scaffale cantina
INSERT INTO Scaffale_Cantina
VALUES('aaa0000', 'aaa0000', 40, NULL, NULL, NULL, 40);
INSERT INTO Scaffale_Cantina
VALUES('aaa0003', 'aaa0000', 40, 'aaa0000', NULL, NULL, 40);
INSERT INTO Scaffale_Cantina
VALUES('aaa0002', 'aaa0000', 40, 'aaa0003', NULL, NULL, 40);
INSERT INTO Scaffale_Cantina
VALUES('aaa0001', 'aaa0000', 40, 'aaa0002', NULL, NULL, 40);
UPDATE Scaffale_Cantina
SET ScaffaleSuccessivo='aaa0001'
WHERE CodiceScaffale='aaa0000';
INSERT INTO Scaffale_Cantina
VALUES('aaa0004', 'aaa0001', 40, NULL, NULL, NULL, 40);
INSERT INTO Scaffale_Cantina
VALUES('aaa0007', 'aaa0001', 40, 'aaa0004', NULL, NULL, 40);
INSERT INTO Scaffale_Cantina
VALUES('aaa0006', 'aaa0001', 40, 'aaa0007', NULL, NULL, 40);
INSERT INTO Scaffale_Cantina
VALUES('aaa0005', 'aaa0001', 40, 'aaa0006', NULL, NULL, 40);
UPDATE Scaffale_Cantina
SET ScaffaleSuccessivo='aaa0005'
WHERE CodiceScaffale='aaa0004';
INSERT INTO Scaffale_Cantina
VALUES('aaa0008', 'aaa0002', 40, NULL , NULL, NULL, 40);
INSERT INTO Scaffale_Cantina
VALUES('aaa0011', 'aaa0002', 40, 'aaa0008', NULL, NULL, 40);
INSERT INTO Scaffale_Cantina
VALUES('aaa0010', 'aaa0002', 40, 'aaa0011', NULL, NULL, 40);
INSERT INTO Scaffale_Cantina
VALUES('aaa0009', 'aaa0002', 40, 'aaa0010', NULL, NULL, 40);
UPDATE Scaffale_Cantina
SET ScaffaleSuccessivo='aaa0009'
WHERE CodiceScaffale='aaa0008';
INSERT INTO Scaffale_Cantina
VALUES('aaa0012', 'aaa0003', 40, NULL, NULL, NULL, 40);
INSERT INTO Scaffale_Cantina
VALUES('aaa0015', 'aaa0003', 40, 'aaa0012', NULL, NULL, 40);
INSERT INTO Scaffale_Cantina
VALUES('aaa0014', 'aaa0003', 40, 'aaa0015', NULL, NULL, 40);
INSERT INTO Scaffale_Cantina
VALUES('aaa0013', 'aaa0003', 40, 'aaa0014', NULL, NULL, 40);
UPDATE Scaffale_Cantina
SET ScaffaleSuccessivo='aaa0013'
WHERE CodiceScaffale='aaa0012';
INSERT INTO Scaffale_Cantina
VALUES('aaa0016', 'aaa0004', 40, null, NULL, NULL, 40);
INSERT INTO Scaffale_Cantina
VALUES('aaa0019', 'aaa0004', 40, 'aaa0016', NULL, NULL, 40);
INSERT INTO Scaffale_Cantina
VALUES('aaa0018', 'aaa0004', 40, 'aaa0019', NULL, NULL, 40);
INSERT INTO Scaffale_Cantina
VALUES('aaa0017', 'aaa0004', 40, 'aaa0018', NULL, NULL, 40);
UPDATE Scaffale_Cantina
SET ScaffaleSuccessivo='aaa0017'
WHERE CodiceScaffale='aaa0016';
INSERT INTO Scaffale_Cantina
VALUES('aaa0020', 'aaa0005', 40, null , NULL, NULL, 40);
INSERT INTO Scaffale_Cantina
VALUES('aaa0023', 'aaa0005', 40, 'aaa0020', NULL, NULL, 40);
INSERT INTO Scaffale_Cantina
VALUES('aaa0022', 'aaa0005', 40, 'aaa0023', NULL, NULL, 40);
INSERT INTO Scaffale_Cantina
VALUES('aaa0021', 'aaa0005', 40, 'aaa0022', NULL, NULL, 40);
UPDATE Scaffale_Cantina
SET ScaffaleSuccessivo='aaa0021'
WHERE CodiceScaffale='aaa0020';
INSERT INTO Scaffale_Cantina
VALUES('aaa0024', 'aaa0006', 40, NULL, NULL, NULL, 40);
INSERT INTO Scaffale_Cantina
VALUES('aaa0027', 'aaa0006', 40, 'aaa0024', NULL, NULL, 40);
INSERT INTO Scaffale_Cantina
VALUES('aaa0026', 'aaa0006', 40, 'aaa0027', NULL, NULL, 40);
INSERT INTO Scaffale_Cantina
VALUES('aaa0025', 'aaa0006', 40, 'aaa0026', NULL, NULL, 40);
UPDATE Scaffale_Cantina
SET ScaffaleSuccessivo='aaa0025'
WHERE CodiceScaffale='aaa0024';
INSERT INTO Scaffale_Cantina
VALUES('aaa0028', 'aaa0007', 40, null , NULL, NULL, 40);
INSERT INTO Scaffale_Cantina
VALUES('aaa0031', 'aaa0007', 40, 'aaa0028', NULL, NULL, 40);
INSERT INTO Scaffale_Cantina
VALUES('aaa0030', 'aaa0007', 40, 'aaa0031', NULL, NULL, 40);
INSERT INTO Scaffale_Cantina
VALUES('aaa0029', 'aaa0007', 40, 'aaa0030', NULL, NULL, 40);
UPDATE Scaffale_Cantina
SET ScaffaleSuccessivo='aaa0029'
WHERE CodiceScaffale='aaa0028';
INSERT INTO Scaffale_Cantina
VALUES('aaa0032', 'aaa0008', 40, NULL , NULL, NULL, 40);
INSERT INTO Scaffale_Cantina
VALUES('aaa0035', 'aaa0008', 40, 'aaa0032', NULL, NULL, 40);
INSERT INTO Scaffale_Cantina
VALUES('aaa0034', 'aaa0008', 40, 'aaa0035', NULL, NULL, 40);
INSERT INTO Scaffale_Cantina
VALUES('aaa0033', 'aaa0008', 40, 'aaa0034', NULL, NULL, 40);
UPDATE Scaffale_Cantina
SET ScaffaleSuccessivo='aaa0033'
WHERE CodiceScaffale='aaa0032';
INSERT INTO Scaffale_Cantina
VALUES('aaa0036', 'aaa0009', 40, null , NULL, NULL, 40);
INSERT INTO Scaffale_Cantina
VALUES('aaa0039', 'aaa0009', 40, 'aaa0036', NULL, NULL, 40);
INSERT INTO Scaffale_Cantina
VALUES('aaa0038', 'aaa0009', 40, 'aaa0039', NULL, NULL, 40);
INSERT INTO Scaffale_Cantina
VALUES('aaa0037', 'aaa0009', 40, 'aaa0038', NULL, NULL, 40);
UPDATE Scaffale_Cantina
SET ScaffaleSuccessivo='aaa0037'
WHERE CodiceScaffale='aaa0036';
INSERT INTO Scaffale_Cantina
VALUES('aaa0040', 'aaa0010', 40, null , NULL, NULL, 40);
INSERT INTO Scaffale_Cantina
VALUES('aaa0043', 'aaa0010', 40, 'aaa0040', NULL, NULL, 40);
INSERT INTO Scaffale_Cantina
VALUES('aaa0042', 'aaa0010', 40, 'aaa0043', NULL, NULL, 40);
INSERT INTO Scaffale_Cantina
VALUES('aaa0041', 'aaa0010', 40, 'aaa0042', NULL, NULL, 40);
UPDATE Scaffale_Cantina
SET ScaffaleSuccessivo='aaa0041'
WHERE CodiceScaffale='aaa0040';

-- prodotto
INSERT INTO Prodotto
VALUES('aaa0000', 1, 'Parmigiano', 'aaa0000');
INSERT INTO Prodotto
VALUES('aaa0001', 1, 'Parmigiano', 'aaa0000');
INSERT INTO Prodotto
VALUES('aaa0002', 0.5, 'Caprino', 'aaa0001');
INSERT INTO Prodotto
VALUES('aaa0003', 0.5, 'Caprino', 'aaa0001');
INSERT INTO Prodotto
VALUES('aaa0004', 1, 'Caciocavallo', 'aaa0001');
INSERT INTO Prodotto
VALUES('aaa0005', 1, 'Caciocavallo', 'aaa0001');
INSERT INTO Prodotto
VALUES('aaa0006', 0.5, 'Gorgonzola', 'aaa0002');
INSERT INTO Prodotto
VALUES('aaa0007', 0.5, 'Gorgonzola', 'aaa0002');
INSERT INTO Prodotto
VALUES('aaa0008', 1, 'Pecorino', 'aaa0002');
INSERT INTO Prodotto
VALUES('aaa0009', 1, 'Pecorino', 'aaa0002');
INSERT INTO Prodotto
VALUES('aaa0010', 1, 'Robiola-Mucca', 'aaa0003');
INSERT INTO Prodotto
VALUES('aaa0011', 1, 'Robiola-Mucca', 'aaa0003');
INSERT INTO Prodotto
VALUES('aaa0012', 1, 'Robiola-Pecora', 'aaa0003');
INSERT INTO Prodotto
VALUES('aaa0013', 1, 'Robiola-Pecora', 'aaa0003');
INSERT INTO Prodotto
VALUES('aaa0014', 1, 'Robiola-Capra', 'aaa0003');
INSERT INTO Prodotto
VALUES('aaa0015', 1, 'Robiola-Capra', 'aaa0003');
INSERT INTO Prodotto
VALUES('aaa0016', 0.5, 'Scamorza', 'aaa0003');
INSERT INTO Prodotto
VALUES('aaa0017', 0.5, 'Scamorza', 'aaa0003');
INSERT INTO Prodotto
VALUES('aaa0018', 0.5, 'Mozzarella', 'aaa0004');
INSERT INTO Prodotto
VALUES('aaa0019', 0.5, 'Mozzarella', 'aaa0004');
INSERT INTO Prodotto
VALUES('aaa0020', 0.5, 'Burrata', 'aaa0004');
INSERT INTO Prodotto
VALUES('aaa0021', 0.5, 'Burrata', 'aaa0004');
INSERT INTO Prodotto
VALUES('aaa0022', 0.5, 'Squacquerone', 'aaa0004');
INSERT INTO Prodotto
VALUES('aaa0023', 0.5, 'Squacquerone', 'aaa0004');
INSERT INTO Prodotto
VALUES('aaa0024', 0.5, 'Ricotta-Mucca', 'aaa0004');
INSERT INTO Prodotto
VALUES('aaa0025', 0.5, 'Ricotta-Mucca', 'aaa0004');
INSERT INTO Prodotto
VALUES('aaa0026', 0.5, 'Ricotta-Pecora', 'aaa0004');
INSERT INTO Prodotto
VALUES('aaa0027', 0.5, 'Ricotta-Pecora', 'aaa0004');
INSERT INTO Prodotto
VALUES('aaa0028', 0.5, 'Ricotta-Capra', 'aaa0004');
INSERT INTO Prodotto
VALUES('aaa0029', 0.5, 'Ricotta-Capra', 'aaa0004');
INSERT INTO Prodotto
VALUES('aaa0030', 0.5, 'Stracchino', 'aaa0005');
INSERT INTO Prodotto
VALUES('aaa0031', 0.5, 'Stracchino', 'aaa0005');

CALL inserisci_prodotto_cantina('aaa0000', '2018-05-07 10:00:00');
CALL inserisci_prodotto_cantina('aaa0001', '2018-05-07 10:00:00');
CALL inserisci_prodotto_cantina('aaa0002', '2019-03-06 12:00:00');
CALL inserisci_prodotto_cantina('aaa0003', '2019-03-06 12:00:00');
CALL inserisci_prodotto_cantina('aaa0004', '2019-03-06 12:00:00');
CALL inserisci_prodotto_cantina('aaa0005', '2019-03-06 12:00:00');
CALL inserisci_prodotto_cantina('aaa0006', '2019-06-16 12:00:00');
CALL inserisci_prodotto_cantina('aaa0007','2019-06-16 12:00:00');
CALL inserisci_prodotto_cantina('aaa0008', '2019-06-16 12:00:00');
CALL inserisci_prodotto_cantina('aaa0009', '2019-06-16 12:00:00');
CALL inserisci_prodotto_cantina('aaa0010','2019-08-25 12:00:00');
CALL inserisci_prodotto_cantina('aaa0011', '2019-08-25 12:00:00');
CALL inserisci_prodotto_cantina('aaa0012', '2019-08-25 12:00:00');
CALL inserisci_prodotto_cantina('aaa0013', '2019-08-25 12:00:00');
CALL inserisci_prodotto_cantina('aaa0014', '2019-08-25 12:00:00');
CALL inserisci_prodotto_cantina('aaa0015', '2019-08-25 12:00:00');
CALL inserisci_prodotto_cantina('aaa0016', '2019-08-25 12:00:00');
CALL inserisci_prodotto_cantina('aaa0017', '2019-08-25 12:00:00');
CALL inserisci_prodotto_magazzino('aaa0018');
CALL inserisci_prodotto_magazzino('aaa0019');
CALL inserisci_prodotto_magazzino('aaa0020');
CALL inserisci_prodotto_magazzino('aaa0021');
CALL inserisci_prodotto_magazzino('aaa0022');
CALL inserisci_prodotto_magazzino('aaa0023');
CALL inserisci_prodotto_magazzino('aaa0024');
CALL inserisci_prodotto_magazzino('aaa0025');
CALL inserisci_prodotto_magazzino('aaa0026');
CALL inserisci_prodotto_magazzino('aaa0027');
CALL inserisci_prodotto_magazzino('aaa0028');
CALL inserisci_prodotto_magazzino('aaa0029');
CALL inserisci_prodotto_cantina('aaa0030', '2019-07-25 12:00:00');
CALL inserisci_prodotto_cantina('aaa0031', '2019-07-25 12:00:00');

