-- fasi produzione
INSERT INTO Fasi_Produzione
VALUES('aaa0000', 1, 'aaa0020', 25);
INSERT INTO Fasi_Produzione
VALUES('aaa0001', 2, 'aaa0020', 45);
INSERT INTO Fasi_Produzione
VALUES('aaa0002', 3, 'aaa0020', 15);
INSERT INTO Fasi_Produzione
VALUES('aaa0003', 4, 'aaa0020', 30);
INSERT INTO Fasi_Produzione
VALUES('aaa0004', 5, 'aaa0020', 50);
INSERT INTO Fasi_Produzione
VALUES('aaa0005', 6, 'aaa0020', 10);
INSERT INTO Fasi_Produzione
VALUES('aaa0006', 7, 'aaa0020', 5);
INSERT INTO Fasi_Produzione
VALUES('aaa0007', 8, 'aaa0020', 20);
INSERT INTO Fasi_Produzione
VALUES('aaa0008', 1, 'aaa0021', 25);
INSERT INTO Fasi_Produzione
VALUES('aaa0009', 2, 'aaa0021', 45);
INSERT INTO Fasi_Produzione
VALUES('aaa0010', 3, 'aaa0021', 15);
INSERT INTO Fasi_Produzione
VALUES('aaa0011', 4, 'aaa0021', 30);
INSERT INTO Fasi_Produzione
VALUES('aaa0012', 5, 'aaa0021', 50);
INSERT INTO Fasi_Produzione
VALUES('aaa0013', 6, 'aaa0021', 10);
INSERT INTO Fasi_Produzione
VALUES('aaa0014', 7, 'aaa0021', 5);
INSERT INTO Fasi_Produzione
VALUES('aaa0015', 8, 'aaa0021', 20);
INSERT INTO Fasi_Produzione
VALUES('aaa0016', 1, 'aaa0030', 20);
INSERT INTO Fasi_Produzione
VALUES('aaa0017', 2, 'aaa0030', 10);
INSERT INTO Fasi_Produzione
VALUES('aaa0018', 3, 'aaa0030', 5);
INSERT INTO Fasi_Produzione
VALUES('aaa0019', 4, 'aaa0030', 9);
INSERT INTO Fasi_Produzione
VALUES('aaa0020', 5, 'aaa0030', 45);
INSERT INTO Fasi_Produzione
VALUES('aaa0021', 6, 'aaa0030', 20);
INSERT INTO Fasi_Produzione
VALUES('aaa0022', 7, 'aaa0030', 30);
INSERT INTO Fasi_Produzione
VALUES('aaa0023', 8, 'aaa0030', 15);
INSERT INTO Fasi_Produzione
VALUES('aaa0024', 1, 'aaa0031', 20);
INSERT INTO Fasi_Produzione
VALUES('aaa0025', 2, 'aaa0031', 10);
INSERT INTO Fasi_Produzione
VALUES('aaa0026', 3, 'aaa0031', 5);
INSERT INTO Fasi_Produzione
VALUES('aaa0027', 4, 'aaa0031', 9);
INSERT INTO Fasi_Produzione
VALUES('aaa0028', 5, 'aaa0031', 45);
INSERT INTO Fasi_Produzione
VALUES('aaa0029', 6, 'aaa0031', 20);
INSERT INTO Fasi_Produzione
VALUES('aaa0030', 7, 'aaa0031', 30);
INSERT INTO Fasi_Produzione
VALUES('aaa0031', 8, 'aaa0031', 15);
INSERT INTO Fasi_Produzione
VALUES('aaa0032', 1, 'aaa0018', 20);
INSERT INTO Fasi_Produzione
VALUES('aaa0033', 2, 'aaa0018', 10);
INSERT INTO Fasi_Produzione
VALUES('aaa0034', 3, 'aaa0018', 15);
INSERT INTO Fasi_Produzione
VALUES('aaa0035', 4, 'aaa0018', 5);
INSERT INTO Fasi_Produzione
VALUES('aaa0036', 5, 'aaa0018', 50);
INSERT INTO Fasi_Produzione
VALUES('aaa0037', 6, 'aaa0018', 30);
INSERT INTO Fasi_Produzione
VALUES('aaa0038', 7, 'aaa0018', 10);
INSERT INTO Fasi_Produzione
VALUES('aaa0039', 8, 'aaa0018', 15);
INSERT INTO Fasi_Produzione
VALUES('aaa0040', 1, 'aaa0019', 20);
INSERT INTO Fasi_Produzione
VALUES('aaa0041', 2, 'aaa0019', 10);
INSERT INTO Fasi_Produzione
VALUES('aaa0042', 3, 'aaa0019', 15);
INSERT INTO Fasi_Produzione
VALUES('aaa0043', 4, 'aaa0019', 5);
INSERT INTO Fasi_Produzione
VALUES('aaa0044', 5, 'aaa0019', 50);
INSERT INTO Fasi_Produzione
VALUES('aaa0045', 6, 'aaa0019', 30);
INSERT INTO Fasi_Produzione
VALUES('aaa0046', 7, 'aaa0019', 10);
INSERT INTO Fasi_Produzione
VALUES('aaa0047', 8, 'aaa0019', 15);
INSERT INTO Fasi_Produzione
VALUES('aaa0048', 1, 'aaa0010', 20);
INSERT INTO Fasi_Produzione
VALUES('aaa0049', 2, 'aaa0010', 45);
INSERT INTO Fasi_Produzione
VALUES('aaa0050', 3, 'aaa0010', 30);
INSERT INTO Fasi_Produzione
VALUES('aaa0051', 4, 'aaa0010', 15);
INSERT INTO Fasi_Produzione
VALUES('aaa0052', 5, 'aaa0010', 10);
INSERT INTO Fasi_Produzione
VALUES('aaa0053', 6, 'aaa0010', 5);
INSERT INTO Fasi_Produzione
VALUES('aaa0054', 7, 'aaa0010', 5);
INSERT INTO Fasi_Produzione
VALUES('aaa0055', 8, 'aaa0010', 20);
INSERT INTO Fasi_Produzione
VALUES('aaa0056', 1, 'aaa0011', 20);
INSERT INTO Fasi_Produzione
VALUES('aaa0057', 2, 'aaa0011', 45);
INSERT INTO Fasi_Produzione
VALUES('aaa0058', 3, 'aaa0011', 30);
INSERT INTO Fasi_Produzione
VALUES('aaa0059', 4, 'aaa0011', 15);
INSERT INTO Fasi_Produzione
VALUES('aaa0060', 5, 'aaa0011', 10);
INSERT INTO Fasi_Produzione
VALUES('aaa0061', 6, 'aaa0011', 5);
INSERT INTO Fasi_Produzione
VALUES('aaa0062', 7, 'aaa0011', 5);
INSERT INTO Fasi_Produzione
VALUES('aaa0063', 8, 'aaa0011', 20);
INSERT INTO Fasi_Produzione
VALUES('aaa0064', 1, 'aaa0012', 20);
INSERT INTO Fasi_Produzione
VALUES('aaa0065', 2, 'aaa0012', 45);
INSERT INTO Fasi_Produzione
VALUES('aaa0066', 3, 'aaa0012', 30);
INSERT INTO Fasi_Produzione
VALUES('aaa0067', 4, 'aaa0012', 15);
INSERT INTO Fasi_Produzione
VALUES('aaa0068', 5, 'aaa0012', 10);
INSERT INTO Fasi_Produzione
VALUES('aaa0069', 6, 'aaa0012', 5);
INSERT INTO Fasi_Produzione
VALUES('aaa0070', 7, 'aaa0012', 5);
INSERT INTO Fasi_Produzione
VALUES('aaa0071', 8, 'aaa0012', 20);
INSERT INTO Fasi_Produzione
VALUES('aaa0072', 1, 'aaa0013', 20);
INSERT INTO Fasi_Produzione
VALUES('aaa0073', 2, 'aaa0013', 45);
INSERT INTO Fasi_Produzione
VALUES('aaa0074', 3, 'aaa0013', 30);
INSERT INTO Fasi_Produzione
VALUES('aaa0075', 4, 'aaa0013', 15);
INSERT INTO Fasi_Produzione
VALUES('aaa0076', 5, 'aaa0013', 10);
INSERT INTO Fasi_Produzione
VALUES('aaa0077', 6, 'aaa0013', 5);
INSERT INTO Fasi_Produzione
VALUES('aaa0078', 7, 'aaa0013', 5);
INSERT INTO Fasi_Produzione
VALUES('aaa0079', 8, 'aaa0013', 20);
INSERT INTO Fasi_Produzione
VALUES('aaa0080', 1, 'aaa0014', 20);
INSERT INTO Fasi_Produzione
VALUES('aaa0081', 2, 'aaa0014', 45);
INSERT INTO Fasi_Produzione
VALUES('aaa0082', 3, 'aaa0014', 30);
INSERT INTO Fasi_Produzione
VALUES('aaa0083', 4, 'aaa0014', 15);
INSERT INTO Fasi_Produzione
VALUES('aaa0084', 5, 'aaa0014', 10);
INSERT INTO Fasi_Produzione
VALUES('aaa0085', 6, 'aaa0014', 5);
INSERT INTO Fasi_Produzione
VALUES('aaa0086', 7, 'aaa0014', 5);
INSERT INTO Fasi_Produzione
VALUES('aaa0087', 8, 'aaa0014', 20);
INSERT INTO Fasi_Produzione
VALUES('aaa0088', 1, 'aaa0015', 20);
INSERT INTO Fasi_Produzione
VALUES('aaa0089', 2, 'aaa0015', 45);
INSERT INTO Fasi_Produzione
VALUES('aaa0090', 3, 'aaa0015', 30);
INSERT INTO Fasi_Produzione
VALUES('aaa0091', 4, 'aaa0015', 15);
INSERT INTO Fasi_Produzione
VALUES('aaa0092', 5, 'aaa0015', 10);
INSERT INTO Fasi_Produzione
VALUES('aaa0093', 6, 'aaa0015', 5);
INSERT INTO Fasi_Produzione
VALUES('aaa0094', 7, 'aaa0015', 5);
INSERT INTO Fasi_Produzione
VALUES('aaa0095', 8, 'aaa0015', 20);
INSERT INTO Fasi_Produzione
VALUES('aaa0096', 1, 'aaa0016', 20);
INSERT INTO Fasi_Produzione
VALUES('aaa0097', 2, 'aaa0016', 10);
INSERT INTO Fasi_Produzione
VALUES('aaa0098', 3, 'aaa0016', 15);
INSERT INTO Fasi_Produzione
VALUES('aaa0099', 4, 'aaa0016', 5);
INSERT INTO Fasi_Produzione
VALUES('aaa0100', 5, 'aaa0016', 50);
INSERT INTO Fasi_Produzione
VALUES('aaa0101', 6, 'aaa0016', 30);
INSERT INTO Fasi_Produzione
VALUES('aaa0102', 7, 'aaa0016', 10);
INSERT INTO Fasi_Produzione
VALUES('aaa0103', 8, 'aaa0016', 15);
INSERT INTO Fasi_Produzione
VALUES('aaa0104', 1, 'aaa0017', 20);
INSERT INTO Fasi_Produzione
VALUES('aaa0105', 2, 'aaa0017', 10);
INSERT INTO Fasi_Produzione
VALUES('aaa0106', 3, 'aaa0017', 15);
INSERT INTO Fasi_Produzione
VALUES('aaa0107', 4, 'aaa0017', 5);
INSERT INTO Fasi_Produzione
VALUES('aaa0108', 5, 'aaa0017', 50);
INSERT INTO Fasi_Produzione
VALUES('aaa0109', 6, 'aaa0017', 30);
INSERT INTO Fasi_Produzione
VALUES('aaa0110', 7, 'aaa0017', 10);
INSERT INTO Fasi_Produzione
VALUES('aaa0111', 8, 'aaa0017', 15);
INSERT INTO Fasi_Produzione
VALUES('aaa0112', 1, 'aaa0004', 20);
INSERT INTO Fasi_Produzione
VALUES('aaa0113', 2, 'aaa0004', 10);
INSERT INTO Fasi_Produzione
VALUES('aaa0114', 3, 'aaa0004', 15);
INSERT INTO Fasi_Produzione
VALUES('aaa0115', 4, 'aaa0004', 5);
INSERT INTO Fasi_Produzione
VALUES('aaa0116', 5, 'aaa0004', 50);
INSERT INTO Fasi_Produzione
VALUES('aaa0117', 6, 'aaa0004', 30);
INSERT INTO Fasi_Produzione
VALUES('aaa0118', 7, 'aaa0004', 10);
INSERT INTO Fasi_Produzione
VALUES('aaa0119', 8, 'aaa0004', 15);
INSERT INTO Fasi_Produzione
VALUES('aaa0120', 1, 'aaa0005', 20);
INSERT INTO Fasi_Produzione
VALUES('aaa0121', 2, 'aaa0005', 10);
INSERT INTO Fasi_Produzione
VALUES('aaa0122', 3, 'aaa0005', 15);
INSERT INTO Fasi_Produzione
VALUES('aaa0123', 4, 'aaa0005', 5);
INSERT INTO Fasi_Produzione
VALUES('aaa0124', 5, 'aaa0005', 50);
INSERT INTO Fasi_Produzione
VALUES('aaa0125', 6, 'aaa0005', 30);
INSERT INTO Fasi_Produzione
VALUES('aaa0126', 7, 'aaa0005', 10);
INSERT INTO Fasi_Produzione
VALUES('aaa0127', 8, 'aaa0005', 15);
INSERT INTO Fasi_Produzione
VALUES('aaa0128', 1, 'aaa0006', 15);
INSERT INTO Fasi_Produzione
VALUES('aaa0129', 2, 'aaa0006', 5);
INSERT INTO Fasi_Produzione
VALUES('aaa0130', 3, 'aaa0006', 10);
INSERT INTO Fasi_Produzione
VALUES('aaa0131', 4, 'aaa0006', 20);
INSERT INTO Fasi_Produzione
VALUES('aaa0132', 5, 'aaa0006', 30);
INSERT INTO Fasi_Produzione
VALUES('aaa0133', 6, 'aaa0006', 10);
INSERT INTO Fasi_Produzione
VALUES('aaa0134', 7, 'aaa0006', 45);
INSERT INTO Fasi_Produzione
VALUES('aaa0135', 8, 'aaa0006', 15);
INSERT INTO Fasi_Produzione
VALUES('aaa0136', 1, 'aaa0007', 15);
INSERT INTO Fasi_Produzione
VALUES('aaa0137', 2, 'aaa0007', 5);
INSERT INTO Fasi_Produzione
VALUES('aaa0138', 3, 'aaa0007', 10);
INSERT INTO Fasi_Produzione
VALUES('aaa0139', 4, 'aaa0007', 20);
INSERT INTO Fasi_Produzione
VALUES('aaa0140', 5, 'aaa0007', 30);
INSERT INTO Fasi_Produzione
VALUES('aaa0141', 6, 'aaa0007', 10);
INSERT INTO Fasi_Produzione
VALUES('aaa0142', 7, 'aaa0007', 45);
INSERT INTO Fasi_Produzione
VALUES('aaa0143', 8, 'aaa0007', 15);
INSERT INTO Fasi_Produzione
VALUES('aaa0144', 1, 'aaa0002', 20);
INSERT INTO Fasi_Produzione
VALUES('aaa0145', 2, 'aaa0002', 5);
INSERT INTO Fasi_Produzione
VALUES('aaa0146', 3, 'aaa0002', 10);
INSERT INTO Fasi_Produzione
VALUES('aaa0147', 4, 'aaa0002', 30);
INSERT INTO Fasi_Produzione
VALUES('aaa0148', 5, 'aaa0002', 40);
INSERT INTO Fasi_Produzione
VALUES('aaa0149', 6, 'aaa0002', 25);
INSERT INTO Fasi_Produzione
VALUES('aaa0150', 7, 'aaa0002', 5);
INSERT INTO Fasi_Produzione
VALUES('aaa0151', 8, 'aaa0002', 10);
INSERT INTO Fasi_Produzione
VALUES('aaa0152', 1, 'aaa0003', 20);
INSERT INTO Fasi_Produzione
VALUES('aaa0153', 2, 'aaa0003', 5);
INSERT INTO Fasi_Produzione
VALUES('aaa0154', 3, 'aaa0003', 10);
INSERT INTO Fasi_Produzione
VALUES('aaa0155', 4, 'aaa0003', 30);
INSERT INTO Fasi_Produzione
VALUES('aaa0156', 5, 'aaa0003', 40);
INSERT INTO Fasi_Produzione
VALUES('aaa0157', 6, 'aaa0003', 25);
INSERT INTO Fasi_Produzione
VALUES('aaa0158', 7, 'aaa0003', 5);
INSERT INTO Fasi_Produzione
VALUES('aaa0159', 8, 'aaa0003', 10);
INSERT INTO Fasi_Produzione
VALUES('aaa0160', 1, 'aaa0024', 20);
INSERT INTO Fasi_Produzione
VALUES('aaa0161', 2, 'aaa0024', 35);
INSERT INTO Fasi_Produzione
VALUES('aaa0162', 3, 'aaa0024', 5);
INSERT INTO Fasi_Produzione
VALUES('aaa0163', 4, 'aaa0024', 10);
INSERT INTO Fasi_Produzione
VALUES('aaa0164', 5, 'aaa0024', 15);
INSERT INTO Fasi_Produzione
VALUES('aaa0165', 6, 'aaa0024', 20);
INSERT INTO Fasi_Produzione
VALUES('aaa0166', 7, 'aaa0024', 25);
INSERT INTO Fasi_Produzione
VALUES('aaa0167', 8, 'aaa0024', 10);
INSERT INTO Fasi_Produzione
VALUES('aaa0168', 1, 'aaa0025', 20);
INSERT INTO Fasi_Produzione
VALUES('aaa0169', 2, 'aaa0025', 35);
INSERT INTO Fasi_Produzione
VALUES('aaa0170', 3, 'aaa0025', 5);
INSERT INTO Fasi_Produzione
VALUES('aaa0171', 4, 'aaa0025', 10);
INSERT INTO Fasi_Produzione
VALUES('aaa0172', 5, 'aaa0025', 15);
INSERT INTO Fasi_Produzione
VALUES('aaa0173', 6, 'aaa0025', 20);
INSERT INTO Fasi_Produzione
VALUES('aaa0174', 7, 'aaa0025', 25);
INSERT INTO Fasi_Produzione
VALUES('aaa0175', 8, 'aaa0025', 10);
INSERT INTO Fasi_Produzione
VALUES('aaa0176', 1, 'aaa0026', 20);
INSERT INTO Fasi_Produzione
VALUES('aaa0177', 2, 'aaa0026', 35);
INSERT INTO Fasi_Produzione
VALUES('aaa0178', 3, 'aaa0026', 5);
INSERT INTO Fasi_Produzione
VALUES('aaa0179', 4, 'aaa0026', 10);
INSERT INTO Fasi_Produzione
VALUES('aaa0180', 5, 'aaa0026', 15);
INSERT INTO Fasi_Produzione
VALUES('aaa0181', 6, 'aaa0026', 20);
INSERT INTO Fasi_Produzione
VALUES('aaa0182', 7, 'aaa0026', 25);
INSERT INTO Fasi_Produzione
VALUES('aaa0183', 8, 'aaa0026', 10);
INSERT INTO Fasi_Produzione
VALUES('aaa0184', 1, 'aaa0027', 20);
INSERT INTO Fasi_Produzione
VALUES('aaa0185', 2, 'aaa0027', 35);
INSERT INTO Fasi_Produzione
VALUES('aaa0186', 3, 'aaa0027', 5);
INSERT INTO Fasi_Produzione
VALUES('aaa0187', 4, 'aaa0027', 10);
INSERT INTO Fasi_Produzione
VALUES('aaa0188', 5, 'aaa0027', 15);
INSERT INTO Fasi_Produzione
VALUES('aaa0189', 6, 'aaa0027', 20);
INSERT INTO Fasi_Produzione
VALUES('aaa0190', 7, 'aaa0027', 25);
INSERT INTO Fasi_Produzione
VALUES('aaa0191', 8, 'aaa0027', 10);
INSERT INTO Fasi_Produzione
VALUES('aaa0192', 1, 'aaa0028', 20);
INSERT INTO Fasi_Produzione
VALUES('aaa0193', 2, 'aaa0028', 35);
INSERT INTO Fasi_Produzione
VALUES('aaa0194', 3, 'aaa0028', 5);
INSERT INTO Fasi_Produzione
VALUES('aaa0195', 4, 'aaa0028', 10);
INSERT INTO Fasi_Produzione
VALUES('aaa0196', 5, 'aaa0028', 15);
INSERT INTO Fasi_Produzione
VALUES('aaa0197', 6, 'aaa0028', 20);
INSERT INTO Fasi_Produzione
VALUES('aaa0198', 7, 'aaa0028', 25);
INSERT INTO Fasi_Produzione
VALUES('aaa0199', 8, 'aaa0028', 10);
INSERT INTO Fasi_Produzione
VALUES('aaa0200', 1, 'aaa0029', 20);
INSERT INTO Fasi_Produzione
VALUES('aaa0201', 2, 'aaa0029', 35);
INSERT INTO Fasi_Produzione
VALUES('aaa0202', 3, 'aaa0029', 5);
INSERT INTO Fasi_Produzione
VALUES('aaa0203', 4, 'aaa0029', 10);
INSERT INTO Fasi_Produzione
VALUES('aaa0204', 5, 'aaa0029', 15);
INSERT INTO Fasi_Produzione
VALUES('aaa0205', 6, 'aaa0029', 20);
INSERT INTO Fasi_Produzione
VALUES('aaa0206', 7, 'aaa0029', 25);
INSERT INTO Fasi_Produzione
VALUES('aaa0207', 8, 'aaa0029', 10);
INSERT INTO Fasi_Produzione
VALUES('aaa0208', 1, 'aaa0000', 20);
INSERT INTO Fasi_Produzione
VALUES('aaa0209', 2, 'aaa0000', 10);
INSERT INTO Fasi_Produzione
VALUES('aaa0210', 3, 'aaa0000', 30);
INSERT INTO Fasi_Produzione
VALUES('aaa0211', 4, 'aaa0000', 50);
INSERT INTO Fasi_Produzione
VALUES('aaa0212', 5, 'aaa0000', 25);
INSERT INTO Fasi_Produzione
VALUES('aaa0213', 6, 'aaa0000', 5);
INSERT INTO Fasi_Produzione
VALUES('aaa0214', 7, 'aaa0000', 5);
INSERT INTO Fasi_Produzione
VALUES('aaa0215', 8, 'aaa0000', 15);
INSERT INTO Fasi_Produzione
VALUES('aaa0216', 1, 'aaa0001', 20);
INSERT INTO Fasi_Produzione
VALUES('aaa0217', 2, 'aaa0001', 10);
INSERT INTO Fasi_Produzione
VALUES('aaa0218', 3, 'aaa0001', 30);
INSERT INTO Fasi_Produzione
VALUES('aaa0219', 4, 'aaa0001', 50);
INSERT INTO Fasi_Produzione
VALUES('aaa0220', 5, 'aaa0001', 25);
INSERT INTO Fasi_Produzione
VALUES('aaa0221', 6, 'aaa0001', 5);
INSERT INTO Fasi_Produzione
VALUES('aaa0222', 7, 'aaa0001', 5);
INSERT INTO Fasi_Produzione
VALUES('aaa0223', 8, 'aaa0001', 15);
INSERT INTO Fasi_Produzione
VALUES('aaa0224', 1, 'aaa0008', 5);
INSERT INTO Fasi_Produzione
VALUES('aaa0225', 2, 'aaa0008', 15);
INSERT INTO Fasi_Produzione
VALUES('aaa0226', 3, 'aaa0008', 25);
INSERT INTO Fasi_Produzione
VALUES('aaa0227', 4, 'aaa0008', 45);
INSERT INTO Fasi_Produzione
VALUES('aaa0228', 5, 'aaa0008', 15);
INSERT INTO Fasi_Produzione
VALUES('aaa0229', 6, 'aaa0008', 10);
INSERT INTO Fasi_Produzione
VALUES('aaa0230', 7, 'aaa0008', 5);
INSERT INTO Fasi_Produzione
VALUES('aaa0231', 8, 'aaa0008', 20);
INSERT INTO Fasi_Produzione
VALUES('aaa0232', 1, 'aaa0009', 5);
INSERT INTO Fasi_Produzione
VALUES('aaa0233', 2, 'aaa0009', 15);
INSERT INTO Fasi_Produzione
VALUES('aaa0234', 3, 'aaa0009', 25);
INSERT INTO Fasi_Produzione
VALUES('aaa0235', 4, 'aaa0009', 45);
INSERT INTO Fasi_Produzione
VALUES('aaa0236', 5, 'aaa0009', 15);
INSERT INTO Fasi_Produzione
VALUES('aaa0237', 6, 'aaa0009', 10);
INSERT INTO Fasi_Produzione
VALUES('aaa0238', 7, 'aaa0009', 5);
INSERT INTO Fasi_Produzione
VALUES('aaa0239', 8, 'aaa0009', 20);

-- parametro reale
INSERT INTO Parametro_Reale
VALUES('aaa0000', 'Percentuale Umidità', 0.41);
INSERT INTO Parametro_Reale
VALUES('aaa0000', 'Temperatura Lavorazione', 40.3);
INSERT INTO Parametro_Reale
VALUES('aaa0000', 'Temperatura Locale', 20);
INSERT INTO Parametro_Reale
VALUES('aaa0001', 'Percentuale Umidità', 0.33);
INSERT INTO Parametro_Reale
VALUES('aaa0001', 'Temperatura Lavorazione', 25.02);
INSERT INTO Parametro_Reale
VALUES('aaa0001', 'Temperatura Locale', 19.8);
INSERT INTO Parametro_Reale
VALUES('aaa0002', 'Percentuale Umidità', 0.24);
INSERT INTO Parametro_Reale
VALUES('aaa0002', 'Temperatura Lavorazione', 28);
INSERT INTO Parametro_Reale
VALUES('aaa0002', 'Temperatura Locale', 23);
INSERT INTO Parametro_Reale
VALUES('aaa0003', 'Percentuale Umidità', 0.36);
INSERT INTO Parametro_Reale
VALUES('aaa0003', 'Temperatura Lavorazione', 34);
INSERT INTO Parametro_Reale
VALUES('aaa0003', 'Temperatura Locale', 22);
INSERT INTO Parametro_Reale
VALUES('aaa0004', 'Percentuale Umidità', 0.19);
INSERT INTO Parametro_Reale
VALUES('aaa0004', 'Temperatura Lavorazione', 25.5);
INSERT INTO Parametro_Reale
VALUES('aaa0004', 'Temperatura Locale', 23.15);
INSERT INTO Parametro_Reale
VALUES('aaa0005', 'Percentuale Umidità', 0.3);
INSERT INTO Parametro_Reale
VALUES('aaa0005', 'Temperatura Lavorazione', 40.5);
INSERT INTO Parametro_Reale
VALUES('aaa0005', 'Temperatura Locale', 22.5);
INSERT INTO Parametro_Reale
VALUES('aaa0006', 'Percentuale Umidità', 0.21);
INSERT INTO Parametro_Reale
VALUES('aaa0006', 'Temperatura Lavorazione', 29.5);
INSERT INTO Parametro_Reale
VALUES('aaa0006', 'Temperatura Locale', 22);
INSERT INTO Parametro_Reale
VALUES('aaa0007', 'Percentuale Umidità', 0.49);
INSERT INTO Parametro_Reale
VALUES('aaa0007', 'Temperatura Lavorazione', 15.3);
INSERT INTO Parametro_Reale
VALUES('aaa0007', 'Temperatura Locale', 20.3);
INSERT INTO Parametro_Reale
VALUES('aaa0008', 'Percentuale Umidità', 0.4);
INSERT INTO Parametro_Reale
VALUES('aaa0008', 'Temperatura Lavorazione', 40.6);
INSERT INTO Parametro_Reale
VALUES('aaa0008', 'Temperatura Locale', 20);
INSERT INTO Parametro_Reale
VALUES('aaa0009', 'Percentuale Umidità', 0.37);
INSERT INTO Parametro_Reale
VALUES('aaa0009', 'Temperatura Lavorazione', 25.92);
INSERT INTO Parametro_Reale
VALUES('aaa0009', 'Temperatura Locale', 19.2);
INSERT INTO Parametro_Reale
VALUES('aaa0010', 'Percentuale Umidità', 0.2);
INSERT INTO Parametro_Reale
VALUES('aaa0010', 'Temperatura Lavorazione', 25);
INSERT INTO Parametro_Reale
VALUES('aaa0010', 'Temperatura Locale', 24);
INSERT INTO Parametro_Reale
VALUES('aaa0011', 'Percentuale Umidità', 0.39);
INSERT INTO Parametro_Reale
VALUES('aaa0011', 'Temperatura Lavorazione', 34.8);
INSERT INTO Parametro_Reale
VALUES('aaa0011', 'Temperatura Locale', 22.5);
INSERT INTO Parametro_Reale
VALUES('aaa0012', 'Percentuale Umidità', 0.17);
INSERT INTO Parametro_Reale
VALUES('aaa0012', 'Temperatura Lavorazione', 25.5);
INSERT INTO Parametro_Reale
VALUES('aaa0012', 'Temperatura Locale', 23.9);
INSERT INTO Parametro_Reale
VALUES('aaa0013', 'Percentuale Umidità', 0.38);
INSERT INTO Parametro_Reale
VALUES('aaa0013', 'Temperatura Lavorazione', 40.52);
INSERT INTO Parametro_Reale
VALUES('aaa0013', 'Temperatura Locale', 22.50);
INSERT INTO Parametro_Reale
VALUES('aaa0014', 'Percentuale Umidità', 0.23);
INSERT INTO Parametro_Reale
VALUES('aaa0014', 'Temperatura Lavorazione', 30.5);
INSERT INTO Parametro_Reale
VALUES('aaa0014', 'Temperatura Locale', 22.2);
INSERT INTO Parametro_Reale
VALUES('aaa0015', 'Percentuale Umidità', 0.4999);
INSERT INTO Parametro_Reale
VALUES('aaa0015', 'Temperatura Lavorazione', 15.8);
INSERT INTO Parametro_Reale
VALUES('aaa0015', 'Temperatura Locale', 20.1);
INSERT INTO Parametro_Reale
VALUES('aaa0016', 'Percentuale Umidità', 0.29);
INSERT INTO Parametro_Reale
VALUES('aaa0016', 'Temperatura Lavorazione', 40);
INSERT INTO Parametro_Reale
VALUES('aaa0016', 'Temperatura Locale', 20.8);
INSERT INTO Parametro_Reale
VALUES('aaa0017', 'Percentuale Umidità', 0.39);
INSERT INTO Parametro_Reale
VALUES('aaa0017', 'Temperatura Lavorazione', 25.32);
INSERT INTO Parametro_Reale
VALUES('aaa0017', 'Temperatura Locale', 19.88);
INSERT INTO Parametro_Reale
VALUES('aaa0018', 'Percentuale Umidità', 0.22);
INSERT INTO Parametro_Reale
VALUES('aaa0018', 'Temperatura Lavorazione', 28.3);
INSERT INTO Parametro_Reale
VALUES('aaa0018', 'Temperatura Locale', 24);
INSERT INTO Parametro_Reale
VALUES('aaa0019', 'Percentuale Umidità', 0.32);
INSERT INTO Parametro_Reale
VALUES('aaa0019', 'Temperatura Lavorazione', 34.5);
INSERT INTO Parametro_Reale
VALUES('aaa0019', 'Temperatura Locale', 22.9);
INSERT INTO Parametro_Reale
VALUES('aaa0020', 'Percentuale Umidità', 0.29);
INSERT INTO Parametro_Reale
VALUES('aaa0020', 'Temperatura Lavorazione', 25.9);
INSERT INTO Parametro_Reale
VALUES('aaa0020', 'Temperatura Locale', 23.95);
INSERT INTO Parametro_Reale
VALUES('aaa0021', 'Percentuale Umidità', 0.4);
INSERT INTO Parametro_Reale
VALUES('aaa0021', 'Temperatura Lavorazione', 40.55);
INSERT INTO Parametro_Reale
VALUES('aaa0021', 'Temperatura Locale', 22.58);
INSERT INTO Parametro_Reale
VALUES('aaa0022', 'Percentuale Umidità', 0.23);
INSERT INTO Parametro_Reale
VALUES('aaa0022', 'Temperatura Lavorazione', 29.3);
INSERT INTO Parametro_Reale
VALUES('aaa0022', 'Temperatura Locale', 22.6);
INSERT INTO Parametro_Reale
VALUES('aaa0023', 'Percentuale Umidità', 0.39);
INSERT INTO Parametro_Reale
VALUES('aaa0023', 'Temperatura Lavorazione', 15.9);
INSERT INTO Parametro_Reale
VALUES('aaa0023', 'Temperatura Locale', 20.2);
INSERT INTO Parametro_Reale
VALUES('aaa0024', 'Percentuale Umidità', 0.41);
INSERT INTO Parametro_Reale
VALUES('aaa0024', 'Temperatura Lavorazione', 40.3);
INSERT INTO Parametro_Reale
VALUES('aaa0024', 'Temperatura Locale', 20);
INSERT INTO Parametro_Reale
VALUES('aaa0025', 'Percentuale Umidità', 0.38);
INSERT INTO Parametro_Reale
VALUES('aaa0025', 'Temperatura Lavorazione', 25.32);
INSERT INTO Parametro_Reale
VALUES('aaa0025', 'Temperatura Locale', 19.86);
INSERT INTO Parametro_Reale
VALUES('aaa0026', 'Percentuale Umidità', 0.25);
INSERT INTO Parametro_Reale
VALUES('aaa0026', 'Temperatura Lavorazione', 28.3);
INSERT INTO Parametro_Reale
VALUES('aaa0026', 'Temperatura Locale', 22);
INSERT INTO Parametro_Reale
VALUES('aaa0027', 'Percentuale Umidità', 0.3);
INSERT INTO Parametro_Reale
VALUES('aaa0027', 'Temperatura Lavorazione', 34.6);
INSERT INTO Parametro_Reale
VALUES('aaa0027', 'Temperatura Locale', 22.7);
INSERT INTO Parametro_Reale
VALUES('aaa0028', 'Percentuale Umidità', 0.29);
INSERT INTO Parametro_Reale
VALUES('aaa0028', 'Temperatura Lavorazione', 25.59);
INSERT INTO Parametro_Reale
VALUES('aaa0028', 'Temperatura Locale', 23.7);
INSERT INTO Parametro_Reale
VALUES('aaa0029', 'Percentuale Umidità', 0.5);
INSERT INTO Parametro_Reale
VALUES('aaa0029', 'Temperatura Lavorazione', 40.25);
INSERT INTO Parametro_Reale
VALUES('aaa0029', 'Temperatura Locale', 22.85);
INSERT INTO Parametro_Reale
VALUES('aaa0030', 'Percentuale Umidità', 0.28);
INSERT INTO Parametro_Reale
VALUES('aaa0030', 'Temperatura Lavorazione', 29.57);
INSERT INTO Parametro_Reale
VALUES('aaa0030', 'Temperatura Locale', 22.3);
INSERT INTO Parametro_Reale
VALUES('aaa0031', 'Percentuale Umidità', 0.59);
INSERT INTO Parametro_Reale
VALUES('aaa0031', 'Temperatura Lavorazione', 15.23);
INSERT INTO Parametro_Reale
VALUES('aaa0031', 'Temperatura Locale', 20.1);
INSERT INTO Parametro_Reale
VALUES('aaa0032', 'Percentuale Umidità', 0.5);
INSERT INTO Parametro_Reale
VALUES('aaa0032', 'Temperatura Lavorazione', 41);
INSERT INTO Parametro_Reale
VALUES('aaa0032', 'Temperatura Locale', 20.4);
INSERT INTO Parametro_Reale
VALUES('aaa0033', 'Percentuale Umidità', 0.38);
INSERT INTO Parametro_Reale
VALUES('aaa0033', 'Temperatura Lavorazione', 25.02);
INSERT INTO Parametro_Reale
VALUES('aaa0033', 'Temperatura Locale', 21);
INSERT INTO Parametro_Reale
VALUES('aaa0034', 'Percentuale Umidità', 0.29);
INSERT INTO Parametro_Reale
VALUES('aaa0034', 'Temperatura Lavorazione', 27.7);
INSERT INTO Parametro_Reale
VALUES('aaa0034', 'Temperatura Locale', 22);
INSERT INTO Parametro_Reale
VALUES('aaa0035', 'Percentuale Umidità', 0.35);
INSERT INTO Parametro_Reale
VALUES('aaa0035', 'Temperatura Lavorazione', 33);
INSERT INTO Parametro_Reale
VALUES('aaa0035', 'Temperatura Locale', 22.5);
INSERT INTO Parametro_Reale
VALUES('aaa0036', 'Percentuale Umidità', 0.29);
INSERT INTO Parametro_Reale
VALUES('aaa0036', 'Temperatura Lavorazione', 25.59);
INSERT INTO Parametro_Reale
VALUES('aaa0036', 'Temperatura Locale', 23.4);
INSERT INTO Parametro_Reale
VALUES('aaa0037', 'Percentuale Umidità', 0.29);
INSERT INTO Parametro_Reale
VALUES('aaa0037', 'Temperatura Lavorazione', 42);
INSERT INTO Parametro_Reale
VALUES('aaa0037', 'Temperatura Locale', 24);
INSERT INTO Parametro_Reale
VALUES('aaa0038', 'Percentuale Umidità', 0.6);
INSERT INTO Parametro_Reale
VALUES('aaa0038', 'Temperatura Lavorazione', 30.5);
INSERT INTO Parametro_Reale
VALUES('aaa0038', 'Temperatura Locale', 28);
INSERT INTO Parametro_Reale
VALUES('aaa0039', 'Percentuale Umidità', 0.4);
INSERT INTO Parametro_Reale
VALUES('aaa0039', 'Temperatura Lavorazione', 17);
INSERT INTO Parametro_Reale
VALUES('aaa0039', 'Temperatura Locale', 24);
INSERT INTO Parametro_Reale
VALUES('aaa0040', 'Percentuale Umidità', 0.41);
INSERT INTO Parametro_Reale
VALUES('aaa0040', 'Temperatura Lavorazione', 40.3);
INSERT INTO Parametro_Reale
VALUES('aaa0040', 'Temperatura Locale', 20);
INSERT INTO Parametro_Reale
VALUES('aaa0041', 'Percentuale Umidità', 0.33);
INSERT INTO Parametro_Reale
VALUES('aaa0041', 'Temperatura Lavorazione', 25.02);
INSERT INTO Parametro_Reale
VALUES('aaa0041', 'Temperatura Locale', 19.8);
INSERT INTO Parametro_Reale
VALUES('aaa0042', 'Percentuale Umidità', 0.24);
INSERT INTO Parametro_Reale
VALUES('aaa0042', 'Temperatura Lavorazione', 28);
INSERT INTO Parametro_Reale
VALUES('aaa0042', 'Temperatura Locale', 23);
INSERT INTO Parametro_Reale
VALUES('aaa0043', 'Percentuale Umidità', 0.36);
INSERT INTO Parametro_Reale
VALUES('aaa0043', 'Temperatura Lavorazione', 34);
INSERT INTO Parametro_Reale
VALUES('aaa0043', 'Temperatura Locale', 22);
INSERT INTO Parametro_Reale
VALUES('aaa0044', 'Percentuale Umidità', 0.19);
INSERT INTO Parametro_Reale
VALUES('aaa0044', 'Temperatura Lavorazione', 25.5);
INSERT INTO Parametro_Reale
VALUES('aaa0044', 'Temperatura Locale', 23.15);
INSERT INTO Parametro_Reale
VALUES('aaa0045', 'Percentuale Umidità', 0.3);
INSERT INTO Parametro_Reale
VALUES('aaa0045', 'Temperatura Lavorazione', 40.5);
INSERT INTO Parametro_Reale
VALUES('aaa0045', 'Temperatura Locale', 22.5);
INSERT INTO Parametro_Reale
VALUES('aaa0046', 'Percentuale Umidità', 0.21);
INSERT INTO Parametro_Reale
VALUES('aaa0046', 'Temperatura Lavorazione', 29.5);
INSERT INTO Parametro_Reale
VALUES('aaa0046', 'Temperatura Locale', 22);
INSERT INTO Parametro_Reale
VALUES('aaa0047', 'Percentuale Umidità', 0.49);
INSERT INTO Parametro_Reale
VALUES('aaa0047', 'Temperatura Lavorazione', 15.3);
INSERT INTO Parametro_Reale
VALUES('aaa0047', 'Temperatura Locale', 20.3);
INSERT INTO Parametro_Reale
VALUES('aaa0048', 'Percentuale Umidità', 0.4);
INSERT INTO Parametro_Reale
VALUES('aaa0048', 'Temperatura Lavorazione', 40.6);
INSERT INTO Parametro_Reale
VALUES('aaa0048', 'Temperatura Locale', 20);
INSERT INTO Parametro_Reale
VALUES('aaa0049', 'Percentuale Umidità', 0.37);
INSERT INTO Parametro_Reale
VALUES('aaa0049', 'Temperatura Lavorazione', 25.92);
INSERT INTO Parametro_Reale
VALUES('aaa0049', 'Temperatura Locale', 19.2);
INSERT INTO Parametro_Reale
VALUES('aaa0050', 'Percentuale Umidità', 0.2);
INSERT INTO Parametro_Reale
VALUES('aaa0050', 'Temperatura Lavorazione', 25);
INSERT INTO Parametro_Reale
VALUES('aaa0050', 'Temperatura Locale', 24);
INSERT INTO Parametro_Reale
VALUES('aaa0051', 'Percentuale Umidità', 0.39);
INSERT INTO Parametro_Reale
VALUES('aaa0051', 'Temperatura Lavorazione', 34.8);
INSERT INTO Parametro_Reale
VALUES('aaa0051', 'Temperatura Locale', 22.5);
INSERT INTO Parametro_Reale
VALUES('aaa0052', 'Percentuale Umidità', 0.17);
INSERT INTO Parametro_Reale
VALUES('aaa0052', 'Temperatura Lavorazione', 25.5);
INSERT INTO Parametro_Reale
VALUES('aaa0052', 'Temperatura Locale', 23.9);
INSERT INTO Parametro_Reale
VALUES('aaa0053', 'Percentuale Umidità', 0.38);
INSERT INTO Parametro_Reale
VALUES('aaa0053', 'Temperatura Lavorazione', 40.52);
INSERT INTO Parametro_Reale
VALUES('aaa0053', 'Temperatura Locale', 22.50);
INSERT INTO Parametro_Reale
VALUES('aaa0054', 'Percentuale Umidità', 0.23);
INSERT INTO Parametro_Reale
VALUES('aaa0054', 'Temperatura Lavorazione', 30.5);
INSERT INTO Parametro_Reale
VALUES('aaa0054', 'Temperatura Locale', 22.2);
INSERT INTO Parametro_Reale
VALUES('aaa0055', 'Percentuale Umidità', 0.4999);
INSERT INTO Parametro_Reale
VALUES('aaa0055', 'Temperatura Lavorazione', 15.8);
INSERT INTO Parametro_Reale
VALUES('aaa0055', 'Temperatura Locale', 20.1);
INSERT INTO Parametro_Reale
VALUES('aaa0056', 'Percentuale Umidità', 0.29);
INSERT INTO Parametro_Reale
VALUES('aaa0056', 'Temperatura Lavorazione', 40);
INSERT INTO Parametro_Reale
VALUES('aaa0056', 'Temperatura Locale', 20.8);
INSERT INTO Parametro_Reale
VALUES('aaa0057', 'Percentuale Umidità', 0.39);
INSERT INTO Parametro_Reale
VALUES('aaa0057', 'Temperatura Lavorazione', 25.32);
INSERT INTO Parametro_Reale
VALUES('aaa0057', 'Temperatura Locale', 19.88);
INSERT INTO Parametro_Reale
VALUES('aaa0058', 'Percentuale Umidità', 0.22);
INSERT INTO Parametro_Reale
VALUES('aaa0058', 'Temperatura Lavorazione', 28.3);
INSERT INTO Parametro_Reale
VALUES('aaa0058', 'Temperatura Locale', 24);
INSERT INTO Parametro_Reale
VALUES('aaa0059', 'Percentuale Umidità', 0.32);
INSERT INTO Parametro_Reale
VALUES('aaa0059', 'Temperatura Lavorazione', 34.5);
INSERT INTO Parametro_Reale
VALUES('aaa0059', 'Temperatura Locale', 22.9);
INSERT INTO Parametro_Reale
VALUES('aaa0060', 'Percentuale Umidità', 0.29);
INSERT INTO Parametro_Reale
VALUES('aaa0060', 'Temperatura Lavorazione', 25.9);
INSERT INTO Parametro_Reale
VALUES('aaa0060', 'Temperatura Locale', 23.95);
INSERT INTO Parametro_Reale
VALUES('aaa0061', 'Percentuale Umidità', 0.4);
INSERT INTO Parametro_Reale
VALUES('aaa0061', 'Temperatura Lavorazione', 40.55);
INSERT INTO Parametro_Reale
VALUES('aaa0061', 'Temperatura Locale', 22.58);
INSERT INTO Parametro_Reale
VALUES('aaa0062', 'Percentuale Umidità', 0.23);
INSERT INTO Parametro_Reale
VALUES('aaa0062', 'Temperatura Lavorazione', 29.3);
INSERT INTO Parametro_Reale
VALUES('aaa0062', 'Temperatura Locale', 22.6);
INSERT INTO Parametro_Reale
VALUES('aaa0063', 'Percentuale Umidità', 0.39);
INSERT INTO Parametro_Reale
VALUES('aaa0063', 'Temperatura Lavorazione', 15.9);
INSERT INTO Parametro_Reale
VALUES('aaa0063', 'Temperatura Locale', 20.2);
INSERT INTO Parametro_Reale
VALUES('aaa0064', 'Percentuale Umidità', 0.41);
INSERT INTO Parametro_Reale
VALUES('aaa0064', 'Temperatura Lavorazione', 40.3);
INSERT INTO Parametro_Reale
VALUES('aaa0064', 'Temperatura Locale', 20);
INSERT INTO Parametro_Reale
VALUES('aaa0065', 'Percentuale Umidità', 0.38);
INSERT INTO Parametro_Reale
VALUES('aaa0065', 'Temperatura Lavorazione', 25.32);
INSERT INTO Parametro_Reale
VALUES('aaa0065', 'Temperatura Locale', 19.86);
INSERT INTO Parametro_Reale
VALUES('aaa0066', 'Percentuale Umidità', 0.25);
INSERT INTO Parametro_Reale
VALUES('aaa0066', 'Temperatura Lavorazione', 28.3);
INSERT INTO Parametro_Reale
VALUES('aaa0066', 'Temperatura Locale', 22);
INSERT INTO Parametro_Reale
VALUES('aaa0067', 'Percentuale Umidità', 0.3);
INSERT INTO Parametro_Reale
VALUES('aaa0067', 'Temperatura Lavorazione', 34.6);
INSERT INTO Parametro_Reale
VALUES('aaa0067', 'Temperatura Locale', 22.7);
INSERT INTO Parametro_Reale
VALUES('aaa0068', 'Percentuale Umidità', 0.29);
INSERT INTO Parametro_Reale
VALUES('aaa0068', 'Temperatura Lavorazione', 25.59);
INSERT INTO Parametro_Reale
VALUES('aaa0068', 'Temperatura Locale', 23.7);
INSERT INTO Parametro_Reale
VALUES('aaa0069', 'Percentuale Umidità', 0.5);
INSERT INTO Parametro_Reale
VALUES('aaa0069', 'Temperatura Lavorazione', 40.25);
INSERT INTO Parametro_Reale
VALUES('aaa0069', 'Temperatura Locale', 22.85);
INSERT INTO Parametro_Reale
VALUES('aaa0070', 'Percentuale Umidità', 0.28);
INSERT INTO Parametro_Reale
VALUES('aaa0070', 'Temperatura Lavorazione', 29.57);
INSERT INTO Parametro_Reale
VALUES('aaa0070', 'Temperatura Locale', 22.3);
INSERT INTO Parametro_Reale
VALUES('aaa0071', 'Percentuale Umidità', 0.59);
INSERT INTO Parametro_Reale
VALUES('aaa0071', 'Temperatura Lavorazione', 15.23);
INSERT INTO Parametro_Reale
VALUES('aaa0071', 'Temperatura Locale', 20.1);
INSERT INTO Parametro_Reale
VALUES('aaa0072', 'Percentuale Umidità', 0.5);
INSERT INTO Parametro_Reale
VALUES('aaa0072', 'Temperatura Lavorazione', 41);
INSERT INTO Parametro_Reale
VALUES('aaa0072', 'Temperatura Locale', 20.4);
INSERT INTO Parametro_Reale
VALUES('aaa0073', 'Percentuale Umidità', 0.38);
INSERT INTO Parametro_Reale
VALUES('aaa0073', 'Temperatura Lavorazione', 25.02);
INSERT INTO Parametro_Reale
VALUES('aaa0073', 'Temperatura Locale', 21);
INSERT INTO Parametro_Reale
VALUES('aaa0074', 'Percentuale Umidità', 0.29);
INSERT INTO Parametro_Reale
VALUES('aaa0074', 'Temperatura Lavorazione', 27.7);
INSERT INTO Parametro_Reale
VALUES('aaa0074', 'Temperatura Locale', 22);
INSERT INTO Parametro_Reale
VALUES('aaa0075', 'Percentuale Umidità', 0.35);
INSERT INTO Parametro_Reale
VALUES('aaa0075', 'Temperatura Lavorazione', 33);
INSERT INTO Parametro_Reale
VALUES('aaa0075', 'Temperatura Locale', 22.5);
INSERT INTO Parametro_Reale
VALUES('aaa0076', 'Percentuale Umidità', 0.29);
INSERT INTO Parametro_Reale
VALUES('aaa0076', 'Temperatura Lavorazione', 25.59);
INSERT INTO Parametro_Reale
VALUES('aaa0076', 'Temperatura Locale', 23.4);
INSERT INTO Parametro_Reale
VALUES('aaa0077', 'Percentuale Umidità', 0.29);
INSERT INTO Parametro_Reale
VALUES('aaa0077', 'Temperatura Lavorazione', 42);
INSERT INTO Parametro_Reale
VALUES('aaa0077', 'Temperatura Locale', 24);
INSERT INTO Parametro_Reale
VALUES('aaa0078', 'Percentuale Umidità', 0.6);
INSERT INTO Parametro_Reale
VALUES('aaa0078', 'Temperatura Lavorazione', 30.5);
INSERT INTO Parametro_Reale
VALUES('aaa0078', 'Temperatura Locale', 28);
INSERT INTO Parametro_Reale
VALUES('aaa0079', 'Percentuale Umidità', 0.4);
INSERT INTO Parametro_Reale
VALUES('aaa0079', 'Temperatura Lavorazione', 17);
INSERT INTO Parametro_Reale
VALUES('aaa0079', 'Temperatura Locale', 24);
INSERT INTO Parametro_Reale
VALUES('aaa0080', 'Percentuale Umidità', 0.41);
INSERT INTO Parametro_Reale
VALUES('aaa0080', 'Temperatura Lavorazione', 40.3);
INSERT INTO Parametro_Reale
VALUES('aaa0080', 'Temperatura Locale', 20);
INSERT INTO Parametro_Reale
VALUES('aaa0081', 'Percentuale Umidità', 0.33);
INSERT INTO Parametro_Reale
VALUES('aaa0081', 'Temperatura Lavorazione', 25.02);
INSERT INTO Parametro_Reale
VALUES('aaa0081', 'Temperatura Locale', 19.8);
INSERT INTO Parametro_Reale
VALUES('aaa0082', 'Percentuale Umidità', 0.24);
INSERT INTO Parametro_Reale
VALUES('aaa0082', 'Temperatura Lavorazione', 28);
INSERT INTO Parametro_Reale
VALUES('aaa0082', 'Temperatura Locale', 23);
INSERT INTO Parametro_Reale
VALUES('aaa0083', 'Percentuale Umidità', 0.36);
INSERT INTO Parametro_Reale
VALUES('aaa0083', 'Temperatura Lavorazione', 34);
INSERT INTO Parametro_Reale
VALUES('aaa0083', 'Temperatura Locale', 22);
INSERT INTO Parametro_Reale
VALUES('aaa0084', 'Percentuale Umidità', 0.19);
INSERT INTO Parametro_Reale
VALUES('aaa0084', 'Temperatura Lavorazione', 25.5);
INSERT INTO Parametro_Reale
VALUES('aaa0084', 'Temperatura Locale', 23.15);
INSERT INTO Parametro_Reale
VALUES('aaa0085', 'Percentuale Umidità', 0.3);
INSERT INTO Parametro_Reale
VALUES('aaa0085', 'Temperatura Lavorazione', 40.5);
INSERT INTO Parametro_Reale
VALUES('aaa0085', 'Temperatura Locale', 22.5);
INSERT INTO Parametro_Reale
VALUES('aaa0086', 'Percentuale Umidità', 0.21);
INSERT INTO Parametro_Reale
VALUES('aaa0086', 'Temperatura Lavorazione', 29.5);
INSERT INTO Parametro_Reale
VALUES('aaa0086', 'Temperatura Locale', 22);
INSERT INTO Parametro_Reale
VALUES('aaa0087', 'Percentuale Umidità', 0.49);
INSERT INTO Parametro_Reale
VALUES('aaa0087', 'Temperatura Lavorazione', 15.3);
INSERT INTO Parametro_Reale
VALUES('aaa0087', 'Temperatura Locale', 20.3);
INSERT INTO Parametro_Reale
VALUES('aaa0088', 'Percentuale Umidità', 0.4);
INSERT INTO Parametro_Reale
VALUES('aaa0088', 'Temperatura Lavorazione', 40.6);
INSERT INTO Parametro_Reale
VALUES('aaa0088', 'Temperatura Locale', 20);
INSERT INTO Parametro_Reale
VALUES('aaa0089', 'Percentuale Umidità', 0.37);
INSERT INTO Parametro_Reale
VALUES('aaa0089', 'Temperatura Lavorazione', 25.92);
INSERT INTO Parametro_Reale
VALUES('aaa0089', 'Temperatura Locale', 19.2);
INSERT INTO Parametro_Reale
VALUES('aaa0090', 'Percentuale Umidità', 0.2);
INSERT INTO Parametro_Reale
VALUES('aaa0090', 'Temperatura Lavorazione', 25);
INSERT INTO Parametro_Reale
VALUES('aaa0090', 'Temperatura Locale', 24);
INSERT INTO Parametro_Reale
VALUES('aaa0091', 'Percentuale Umidità', 0.39);
INSERT INTO Parametro_Reale
VALUES('aaa0091', 'Temperatura Lavorazione', 34.8);
INSERT INTO Parametro_Reale
VALUES('aaa0091', 'Temperatura Locale', 22.5);
INSERT INTO Parametro_Reale
VALUES('aaa0092', 'Percentuale Umidità', 0.17);
INSERT INTO Parametro_Reale
VALUES('aaa0092', 'Temperatura Lavorazione', 25.5);
INSERT INTO Parametro_Reale
VALUES('aaa0092', 'Temperatura Locale', 23.9);
INSERT INTO Parametro_Reale
VALUES('aaa0093', 'Percentuale Umidità', 0.38);
INSERT INTO Parametro_Reale
VALUES('aaa0093', 'Temperatura Lavorazione', 40.52);
INSERT INTO Parametro_Reale
VALUES('aaa0093', 'Temperatura Locale', 22.50);
INSERT INTO Parametro_Reale
VALUES('aaa0094', 'Percentuale Umidità', 0.23);
INSERT INTO Parametro_Reale
VALUES('aaa0094', 'Temperatura Lavorazione', 30.5);
INSERT INTO Parametro_Reale
VALUES('aaa0094', 'Temperatura Locale', 22.2);
INSERT INTO Parametro_Reale
VALUES('aaa0095', 'Percentuale Umidità', 0.4999);
INSERT INTO Parametro_Reale
VALUES('aaa0095', 'Temperatura Lavorazione', 15.8);
INSERT INTO Parametro_Reale
VALUES('aaa0095', 'Temperatura Locale', 20.1);
INSERT INTO Parametro_Reale
VALUES('aaa0096', 'Percentuale Umidità', 0.29);
INSERT INTO Parametro_Reale
VALUES('aaa0096', 'Temperatura Lavorazione', 40);
INSERT INTO Parametro_Reale
VALUES('aaa0096', 'Temperatura Locale', 20.8);
INSERT INTO Parametro_Reale
VALUES('aaa0097', 'Percentuale Umidità', 0.39);
INSERT INTO Parametro_Reale
VALUES('aaa0097', 'Temperatura Lavorazione', 25.32);
INSERT INTO Parametro_Reale
VALUES('aaa0097', 'Temperatura Locale', 19.88);
INSERT INTO Parametro_Reale
VALUES('aaa0098', 'Percentuale Umidità', 0.22);
INSERT INTO Parametro_Reale
VALUES('aaa0098', 'Temperatura Lavorazione', 28.3);
INSERT INTO Parametro_Reale
VALUES('aaa0098', 'Temperatura Locale', 24);
INSERT INTO Parametro_Reale
VALUES('aaa0099', 'Percentuale Umidità', 0.32);
INSERT INTO Parametro_Reale
VALUES('aaa0099', 'Temperatura Lavorazione', 34.5);
INSERT INTO Parametro_Reale
VALUES('aaa0099', 'Temperatura Locale', 22.9);
INSERT INTO Parametro_Reale
VALUES('aaa0100', 'Percentuale Umidità', 0.41);
INSERT INTO Parametro_Reale
VALUES('aaa0100', 'Temperatura Lavorazione', 40.3);
INSERT INTO Parametro_Reale
VALUES('aaa0100', 'Temperatura Locale', 20);
INSERT INTO Parametro_Reale
VALUES('aaa0101', 'Percentuale Umidità', 0.33);
INSERT INTO Parametro_Reale
VALUES('aaa0101', 'Temperatura Lavorazione', 25.02);
INSERT INTO Parametro_Reale
VALUES('aaa0101', 'Temperatura Locale', 19.8);
INSERT INTO Parametro_Reale
VALUES('aaa0102', 'Percentuale Umidità', 0.24);
INSERT INTO Parametro_Reale
VALUES('aaa0102', 'Temperatura Lavorazione', 28);
INSERT INTO Parametro_Reale
VALUES('aaa0102', 'Temperatura Locale', 23);
INSERT INTO Parametro_Reale
VALUES('aaa0103', 'Percentuale Umidità', 0.36);
INSERT INTO Parametro_Reale
VALUES('aaa0103', 'Temperatura Lavorazione', 34);
INSERT INTO Parametro_Reale
VALUES('aaa0103', 'Temperatura Locale', 22);
INSERT INTO Parametro_Reale
VALUES('aaa0104', 'Percentuale Umidità', 0.19);
INSERT INTO Parametro_Reale
VALUES('aaa0104', 'Temperatura Lavorazione', 25.5);
INSERT INTO Parametro_Reale
VALUES('aaa0104', 'Temperatura Locale', 23.15);
INSERT INTO Parametro_Reale
VALUES('aaa0105', 'Percentuale Umidità', 0.3);
INSERT INTO Parametro_Reale
VALUES('aaa0105', 'Temperatura Lavorazione', 40.5);
INSERT INTO Parametro_Reale
VALUES('aaa0105', 'Temperatura Locale', 22.5);
INSERT INTO Parametro_Reale
VALUES('aaa0106', 'Percentuale Umidità', 0.21);
INSERT INTO Parametro_Reale
VALUES('aaa0106', 'Temperatura Lavorazione', 29.5);
INSERT INTO Parametro_Reale
VALUES('aaa0106', 'Temperatura Locale', 22);
INSERT INTO Parametro_Reale
VALUES('aaa0107', 'Percentuale Umidità', 0.49);
INSERT INTO Parametro_Reale
VALUES('aaa0107', 'Temperatura Lavorazione', 15.3);
INSERT INTO Parametro_Reale
VALUES('aaa0107', 'Temperatura Locale', 20.3);
INSERT INTO Parametro_Reale
VALUES('aaa0108', 'Percentuale Umidità', 0.4);
INSERT INTO Parametro_Reale
VALUES('aaa0108', 'Temperatura Lavorazione', 40.6);
INSERT INTO Parametro_Reale
VALUES('aaa0108', 'Temperatura Locale', 20);
INSERT INTO Parametro_Reale
VALUES('aaa0109', 'Percentuale Umidità', 0.37);
INSERT INTO Parametro_Reale
VALUES('aaa0109', 'Temperatura Lavorazione', 25.92);
INSERT INTO Parametro_Reale
VALUES('aaa0109', 'Temperatura Locale', 19.2);
INSERT INTO Parametro_Reale
VALUES('aaa0110', 'Percentuale Umidità', 0.2);
INSERT INTO Parametro_Reale
VALUES('aaa0110', 'Temperatura Lavorazione', 25);
INSERT INTO Parametro_Reale
VALUES('aaa0110', 'Temperatura Locale', 24);
INSERT INTO Parametro_Reale
VALUES('aaa0111', 'Percentuale Umidità', 0.39);
INSERT INTO Parametro_Reale
VALUES('aaa0111', 'Temperatura Lavorazione', 34.8);
INSERT INTO Parametro_Reale
VALUES('aaa0111', 'Temperatura Locale', 22.5);
INSERT INTO Parametro_Reale
VALUES('aaa0112', 'Percentuale Umidità', 0.17);
INSERT INTO Parametro_Reale
VALUES('aaa0112', 'Temperatura Lavorazione', 25.5);
INSERT INTO Parametro_Reale
VALUES('aaa0112', 'Temperatura Locale', 23.9);
INSERT INTO Parametro_Reale
VALUES('aaa0113', 'Percentuale Umidità', 0.38);
INSERT INTO Parametro_Reale
VALUES('aaa0113', 'Temperatura Lavorazione', 40.52);
INSERT INTO Parametro_Reale
VALUES('aaa0113', 'Temperatura Locale', 22.50);
INSERT INTO Parametro_Reale
VALUES('aaa0114', 'Percentuale Umidità', 0.23);
INSERT INTO Parametro_Reale
VALUES('aaa0114', 'Temperatura Lavorazione', 30.5);
INSERT INTO Parametro_Reale
VALUES('aaa0114', 'Temperatura Locale', 22.2);
INSERT INTO Parametro_Reale
VALUES('aaa0115', 'Percentuale Umidità', 0.4999);
INSERT INTO Parametro_Reale
VALUES('aaa0115', 'Temperatura Lavorazione', 15.8);
INSERT INTO Parametro_Reale
VALUES('aaa0115', 'Temperatura Locale', 20.1);
INSERT INTO Parametro_Reale
VALUES('aaa0116', 'Percentuale Umidità', 0.29);
INSERT INTO Parametro_Reale
VALUES('aaa0116', 'Temperatura Lavorazione', 40);
INSERT INTO Parametro_Reale
VALUES('aaa0116', 'Temperatura Locale', 20.8);
INSERT INTO Parametro_Reale
VALUES('aaa0117', 'Percentuale Umidità', 0.39);
INSERT INTO Parametro_Reale
VALUES('aaa0117', 'Temperatura Lavorazione', 25.32);
INSERT INTO Parametro_Reale
VALUES('aaa0117', 'Temperatura Locale', 19.88);
INSERT INTO Parametro_Reale
VALUES('aaa0118', 'Percentuale Umidità', 0.22);
INSERT INTO Parametro_Reale
VALUES('aaa0118', 'Temperatura Lavorazione', 28.3);
INSERT INTO Parametro_Reale
VALUES('aaa0118', 'Temperatura Locale', 24);
INSERT INTO Parametro_Reale
VALUES('aaa0119', 'Percentuale Umidità', 0.32);
INSERT INTO Parametro_Reale
VALUES('aaa0119', 'Temperatura Lavorazione', 34.5);
INSERT INTO Parametro_Reale
VALUES('aaa0119', 'Temperatura Locale', 22.9);
INSERT INTO Parametro_Reale
VALUES('aaa0120', 'Percentuale Umidità', 0.29);
INSERT INTO Parametro_Reale
VALUES('aaa0120', 'Temperatura Lavorazione', 25.9);
INSERT INTO Parametro_Reale
VALUES('aaa0120', 'Temperatura Locale', 23.95);
INSERT INTO Parametro_Reale
VALUES('aaa0121', 'Percentuale Umidità', 0.4);
INSERT INTO Parametro_Reale
VALUES('aaa0121', 'Temperatura Lavorazione', 40.55);
INSERT INTO Parametro_Reale
VALUES('aaa0121', 'Temperatura Locale', 22.58);
INSERT INTO Parametro_Reale
VALUES('aaa0122', 'Percentuale Umidità', 0.23);
INSERT INTO Parametro_Reale
VALUES('aaa0122', 'Temperatura Lavorazione', 29.3);
INSERT INTO Parametro_Reale
VALUES('aaa0122', 'Temperatura Locale', 22.6);
INSERT INTO Parametro_Reale
VALUES('aaa0123', 'Percentuale Umidità', 0.39);
INSERT INTO Parametro_Reale
VALUES('aaa0123', 'Temperatura Lavorazione', 15.9);
INSERT INTO Parametro_Reale
VALUES('aaa0123', 'Temperatura Locale', 20.2);
INSERT INTO Parametro_Reale
VALUES('aaa0124', 'Percentuale Umidità', 0.41);
INSERT INTO Parametro_Reale
VALUES('aaa0124', 'Temperatura Lavorazione', 40.3);
INSERT INTO Parametro_Reale
VALUES('aaa0124', 'Temperatura Locale', 20);
INSERT INTO Parametro_Reale
VALUES('aaa0125', 'Percentuale Umidità', 0.38);
INSERT INTO Parametro_Reale
VALUES('aaa0125', 'Temperatura Lavorazione', 25.32);
INSERT INTO Parametro_Reale
VALUES('aaa0125', 'Temperatura Locale', 19.86);
INSERT INTO Parametro_Reale
VALUES('aaa0126', 'Percentuale Umidità', 0.25);
INSERT INTO Parametro_Reale
VALUES('aaa0126', 'Temperatura Lavorazione', 28.3);
INSERT INTO Parametro_Reale
VALUES('aaa0126', 'Temperatura Locale', 22);
INSERT INTO Parametro_Reale
VALUES('aaa0127', 'Percentuale Umidità', 0.3);
INSERT INTO Parametro_Reale
VALUES('aaa0127', 'Temperatura Lavorazione', 34.6);
INSERT INTO Parametro_Reale
VALUES('aaa0127', 'Temperatura Locale', 22.7);
INSERT INTO Parametro_Reale
VALUES('aaa0128', 'Percentuale Umidità', 0.29);
INSERT INTO Parametro_Reale
VALUES('aaa0128', 'Temperatura Lavorazione', 25.59);
INSERT INTO Parametro_Reale
VALUES('aaa0128', 'Temperatura Locale', 23.7);
INSERT INTO Parametro_Reale
VALUES('aaa0129', 'Percentuale Umidità', 0.5);
INSERT INTO Parametro_Reale
VALUES('aaa0129', 'Temperatura Lavorazione', 40.25);
INSERT INTO Parametro_Reale
VALUES('aaa0129', 'Temperatura Locale', 22.85);
INSERT INTO Parametro_Reale
VALUES('aaa0130', 'Percentuale Umidità', 0.28);
INSERT INTO Parametro_Reale
VALUES('aaa0130', 'Temperatura Lavorazione', 29.57);
INSERT INTO Parametro_Reale
VALUES('aaa0130', 'Temperatura Locale', 22.3);
INSERT INTO Parametro_Reale
VALUES('aaa0131', 'Percentuale Umidità', 0.59);
INSERT INTO Parametro_Reale
VALUES('aaa0131', 'Temperatura Lavorazione', 15.23);
INSERT INTO Parametro_Reale
VALUES('aaa0131', 'Temperatura Locale', 20.1);
INSERT INTO Parametro_Reale
VALUES('aaa0132', 'Percentuale Umidità', 0.5);
INSERT INTO Parametro_Reale
VALUES('aaa0132', 'Temperatura Lavorazione', 41);
INSERT INTO Parametro_Reale
VALUES('aaa0132', 'Temperatura Locale', 20.4);
INSERT INTO Parametro_Reale
VALUES('aaa0133', 'Percentuale Umidità', 0.38);
INSERT INTO Parametro_Reale
VALUES('aaa0133', 'Temperatura Lavorazione', 25.02);
INSERT INTO Parametro_Reale
VALUES('aaa0133', 'Temperatura Locale', 21);
INSERT INTO Parametro_Reale
VALUES('aaa0134', 'Percentuale Umidità', 0.29);
INSERT INTO Parametro_Reale
VALUES('aaa0134', 'Temperatura Lavorazione', 27.7);
INSERT INTO Parametro_Reale
VALUES('aaa0134', 'Temperatura Locale', 22);
INSERT INTO Parametro_Reale
VALUES('aaa0135', 'Percentuale Umidità', 0.35);
INSERT INTO Parametro_Reale
VALUES('aaa0135', 'Temperatura Lavorazione', 33);
INSERT INTO Parametro_Reale
VALUES('aaa0135', 'Temperatura Locale', 22.5);
INSERT INTO Parametro_Reale
VALUES('aaa0136', 'Percentuale Umidità', 0.29);
INSERT INTO Parametro_Reale
VALUES('aaa0136', 'Temperatura Lavorazione', 25.59);
INSERT INTO Parametro_Reale
VALUES('aaa0136', 'Temperatura Locale', 23.4);
INSERT INTO Parametro_Reale
VALUES('aaa0137', 'Percentuale Umidità', 0.29);
INSERT INTO Parametro_Reale
VALUES('aaa0137', 'Temperatura Lavorazione', 42);
INSERT INTO Parametro_Reale
VALUES('aaa0137', 'Temperatura Locale', 24);
INSERT INTO Parametro_Reale
VALUES('aaa0138', 'Percentuale Umidità', 0.6);
INSERT INTO Parametro_Reale
VALUES('aaa0138', 'Temperatura Lavorazione', 30.5);
INSERT INTO Parametro_Reale
VALUES('aaa0138', 'Temperatura Locale', 28);
INSERT INTO Parametro_Reale
VALUES('aaa0139', 'Percentuale Umidità', 0.4);
INSERT INTO Parametro_Reale
VALUES('aaa0139', 'Temperatura Lavorazione', 17);
INSERT INTO Parametro_Reale
VALUES('aaa0139', 'Temperatura Locale', 24);
INSERT INTO Parametro_Reale
VALUES('aaa0140', 'Percentuale Umidità', 0.41);
INSERT INTO Parametro_Reale
VALUES('aaa0140', 'Temperatura Lavorazione', 40.3);
INSERT INTO Parametro_Reale
VALUES('aaa0140', 'Temperatura Locale', 20);
INSERT INTO Parametro_Reale
VALUES('aaa0141', 'Percentuale Umidità', 0.33);
INSERT INTO Parametro_Reale
VALUES('aaa0141', 'Temperatura Lavorazione', 25.02);
INSERT INTO Parametro_Reale
VALUES('aaa0141', 'Temperatura Locale', 19.8);
INSERT INTO Parametro_Reale
VALUES('aaa0142', 'Percentuale Umidità', 0.24);
INSERT INTO Parametro_Reale
VALUES('aaa0142', 'Temperatura Lavorazione', 28);
INSERT INTO Parametro_Reale
VALUES('aaa0142', 'Temperatura Locale', 23);
INSERT INTO Parametro_Reale
VALUES('aaa0143', 'Percentuale Umidità', 0.36);
INSERT INTO Parametro_Reale
VALUES('aaa0143', 'Temperatura Lavorazione', 34);
INSERT INTO Parametro_Reale
VALUES('aaa0143', 'Temperatura Locale', 22);
INSERT INTO Parametro_Reale
VALUES('aaa0144', 'Percentuale Umidità', 0.19);
INSERT INTO Parametro_Reale
VALUES('aaa0144', 'Temperatura Lavorazione', 25.5);
INSERT INTO Parametro_Reale
VALUES('aaa0144', 'Temperatura Locale', 23.15);
INSERT INTO Parametro_Reale
VALUES('aaa0145', 'Percentuale Umidità', 0.3);
INSERT INTO Parametro_Reale
VALUES('aaa0145', 'Temperatura Lavorazione', 40.5);
INSERT INTO Parametro_Reale
VALUES('aaa0145', 'Temperatura Locale', 22.5);
INSERT INTO Parametro_Reale
VALUES('aaa0146', 'Percentuale Umidità', 0.21);
INSERT INTO Parametro_Reale
VALUES('aaa0146', 'Temperatura Lavorazione', 29.5);
INSERT INTO Parametro_Reale
VALUES('aaa0146', 'Temperatura Locale', 22);
INSERT INTO Parametro_Reale
VALUES('aaa0147', 'Percentuale Umidità', 0.49);
INSERT INTO Parametro_Reale
VALUES('aaa0147', 'Temperatura Lavorazione', 15.3);
INSERT INTO Parametro_Reale
VALUES('aaa0147', 'Temperatura Locale', 20.3);
INSERT INTO Parametro_Reale
VALUES('aaa0148', 'Percentuale Umidità', 0.4);
INSERT INTO Parametro_Reale
VALUES('aaa0148', 'Temperatura Lavorazione', 40.6);
INSERT INTO Parametro_Reale
VALUES('aaa0148', 'Temperatura Locale', 20);
INSERT INTO Parametro_Reale
VALUES('aaa0149', 'Percentuale Umidità', 0.37);
INSERT INTO Parametro_Reale
VALUES('aaa0149', 'Temperatura Lavorazione', 25.92);
INSERT INTO Parametro_Reale
VALUES('aaa0149', 'Temperatura Locale', 19.2);
INSERT INTO Parametro_Reale
VALUES('aaa0150', 'Percentuale Umidità', 0.2);
INSERT INTO Parametro_Reale
VALUES('aaa0150', 'Temperatura Lavorazione', 25);
INSERT INTO Parametro_Reale
VALUES('aaa0150', 'Temperatura Locale', 24);
INSERT INTO Parametro_Reale
VALUES('aaa0151', 'Percentuale Umidità', 0.39);
INSERT INTO Parametro_Reale
VALUES('aaa0151', 'Temperatura Lavorazione', 34.8);
INSERT INTO Parametro_Reale
VALUES('aaa0151', 'Temperatura Locale', 22.5);
INSERT INTO Parametro_Reale
VALUES('aaa0152', 'Percentuale Umidità', 0.17);
INSERT INTO Parametro_Reale
VALUES('aaa0152', 'Temperatura Lavorazione', 25.5);
INSERT INTO Parametro_Reale
VALUES('aaa0152', 'Temperatura Locale', 23.9);
INSERT INTO Parametro_Reale
VALUES('aaa0153', 'Percentuale Umidità', 0.38);
INSERT INTO Parametro_Reale
VALUES('aaa0153', 'Temperatura Lavorazione', 40.52);
INSERT INTO Parametro_Reale
VALUES('aaa0153', 'Temperatura Locale', 22.50);
INSERT INTO Parametro_Reale
VALUES('aaa0154', 'Percentuale Umidità', 0.23);
INSERT INTO Parametro_Reale
VALUES('aaa0154', 'Temperatura Lavorazione', 30.5);
INSERT INTO Parametro_Reale
VALUES('aaa0154', 'Temperatura Locale', 22.2);
INSERT INTO Parametro_Reale
VALUES('aaa0155', 'Percentuale Umidità', 0.4999);
INSERT INTO Parametro_Reale
VALUES('aaa0155', 'Temperatura Lavorazione', 15.8);
INSERT INTO Parametro_Reale
VALUES('aaa0155', 'Temperatura Locale', 20.1);
INSERT INTO Parametro_Reale
VALUES('aaa0156', 'Percentuale Umidità', 0.29);
INSERT INTO Parametro_Reale
VALUES('aaa0156', 'Temperatura Lavorazione', 40);
INSERT INTO Parametro_Reale
VALUES('aaa0156', 'Temperatura Locale', 20.8);
INSERT INTO Parametro_Reale
VALUES('aaa0157', 'Percentuale Umidità', 0.39);
INSERT INTO Parametro_Reale
VALUES('aaa0157', 'Temperatura Lavorazione', 25.32);
INSERT INTO Parametro_Reale
VALUES('aaa0157', 'Temperatura Locale', 19.88);
INSERT INTO Parametro_Reale
VALUES('aaa0158', 'Percentuale Umidità', 0.22);
INSERT INTO Parametro_Reale
VALUES('aaa0158', 'Temperatura Lavorazione', 28.3);
INSERT INTO Parametro_Reale
VALUES('aaa0158', 'Temperatura Locale', 24);
INSERT INTO Parametro_Reale
VALUES('aaa0159', 'Percentuale Umidità', 0.32);
INSERT INTO Parametro_Reale
VALUES('aaa0159', 'Temperatura Lavorazione', 34.5);
INSERT INTO Parametro_Reale
VALUES('aaa0159', 'Temperatura Locale', 22.9);
INSERT INTO Parametro_Reale
VALUES('aaa0160', 'Percentuale Umidità', 0.29);
INSERT INTO Parametro_Reale
VALUES('aaa0160', 'Temperatura Lavorazione', 25.9);
INSERT INTO Parametro_Reale
VALUES('aaa0160', 'Temperatura Locale', 23.95);
INSERT INTO Parametro_Reale
VALUES('aaa0161', 'Percentuale Umidità', 0.4);
INSERT INTO Parametro_Reale
VALUES('aaa0161', 'Temperatura Lavorazione', 40.55);
INSERT INTO Parametro_Reale
VALUES('aaa0161', 'Temperatura Locale', 22.58);
INSERT INTO Parametro_Reale
VALUES('aaa0162', 'Percentuale Umidità', 0.23);
INSERT INTO Parametro_Reale
VALUES('aaa0162', 'Temperatura Lavorazione', 29.3);
INSERT INTO Parametro_Reale
VALUES('aaa0162', 'Temperatura Locale', 22.6);
INSERT INTO Parametro_Reale
VALUES('aaa0163', 'Percentuale Umidità', 0.39);
INSERT INTO Parametro_Reale
VALUES('aaa0163', 'Temperatura Lavorazione', 15.9);
INSERT INTO Parametro_Reale
VALUES('aaa0163', 'Temperatura Locale', 20.2);
INSERT INTO Parametro_Reale
VALUES('aaa0164', 'Percentuale Umidità', 0.41);
INSERT INTO Parametro_Reale
VALUES('aaa0164', 'Temperatura Lavorazione', 40.3);
INSERT INTO Parametro_Reale
VALUES('aaa0164', 'Temperatura Locale', 20);
INSERT INTO Parametro_Reale
VALUES('aaa0165', 'Percentuale Umidità', 0.38);
INSERT INTO Parametro_Reale
VALUES('aaa0165', 'Temperatura Lavorazione', 25.32);
INSERT INTO Parametro_Reale
VALUES('aaa0165', 'Temperatura Locale', 19.86);
INSERT INTO Parametro_Reale
VALUES('aaa0166', 'Percentuale Umidità', 0.25);
INSERT INTO Parametro_Reale
VALUES('aaa0166', 'Temperatura Lavorazione', 28.3);
INSERT INTO Parametro_Reale
VALUES('aaa0166', 'Temperatura Locale', 22);
INSERT INTO Parametro_Reale
VALUES('aaa0167', 'Percentuale Umidità', 0.3);
INSERT INTO Parametro_Reale
VALUES('aaa0167', 'Temperatura Lavorazione', 34.6);
INSERT INTO Parametro_Reale
VALUES('aaa0167', 'Temperatura Locale', 22.7);
INSERT INTO Parametro_Reale
VALUES('aaa0168', 'Percentuale Umidità', 0.29);
INSERT INTO Parametro_Reale
VALUES('aaa0168', 'Temperatura Lavorazione', 25.59);
INSERT INTO Parametro_Reale
VALUES('aaa0168', 'Temperatura Locale', 23.7);
INSERT INTO Parametro_Reale
VALUES('aaa0169', 'Percentuale Umidità', 0.5);
INSERT INTO Parametro_Reale
VALUES('aaa0169', 'Temperatura Lavorazione', 40.25);
INSERT INTO Parametro_Reale
VALUES('aaa0169', 'Temperatura Locale', 22.85);
INSERT INTO Parametro_Reale
VALUES('aaa0170', 'Percentuale Umidità', 0.28);
INSERT INTO Parametro_Reale
VALUES('aaa0170', 'Temperatura Lavorazione', 29.57);
INSERT INTO Parametro_Reale
VALUES('aaa0170', 'Temperatura Locale', 22.3);
INSERT INTO Parametro_Reale
VALUES('aaa0171', 'Percentuale Umidità', 0.59);
INSERT INTO Parametro_Reale
VALUES('aaa0171', 'Temperatura Lavorazione', 15.23);
INSERT INTO Parametro_Reale
VALUES('aaa0171', 'Temperatura Locale', 20.1);
INSERT INTO Parametro_Reale
VALUES('aaa0172', 'Percentuale Umidità', 0.5);
INSERT INTO Parametro_Reale
VALUES('aaa0172', 'Temperatura Lavorazione', 41);
INSERT INTO Parametro_Reale
VALUES('aaa0172', 'Temperatura Locale', 20.4);
INSERT INTO Parametro_Reale
VALUES('aaa0173', 'Percentuale Umidità', 0.38);
INSERT INTO Parametro_Reale
VALUES('aaa0173', 'Temperatura Lavorazione', 25.02);
INSERT INTO Parametro_Reale
VALUES('aaa0173', 'Temperatura Locale', 21);
INSERT INTO Parametro_Reale
VALUES('aaa0174', 'Percentuale Umidità', 0.29);
INSERT INTO Parametro_Reale
VALUES('aaa0174', 'Temperatura Lavorazione', 27.7);
INSERT INTO Parametro_Reale
VALUES('aaa0174', 'Temperatura Locale', 22);
INSERT INTO Parametro_Reale
VALUES('aaa0175', 'Percentuale Umidità', 0.35);
INSERT INTO Parametro_Reale
VALUES('aaa0175', 'Temperatura Lavorazione', 33);
INSERT INTO Parametro_Reale
VALUES('aaa0175', 'Temperatura Locale', 22.5);
INSERT INTO Parametro_Reale
VALUES('aaa0176', 'Percentuale Umidità', 0.29);
INSERT INTO Parametro_Reale
VALUES('aaa0176', 'Temperatura Lavorazione', 25.59);
INSERT INTO Parametro_Reale
VALUES('aaa0176', 'Temperatura Locale', 23.4);
INSERT INTO Parametro_Reale
VALUES('aaa0177', 'Percentuale Umidità', 0.29);
INSERT INTO Parametro_Reale
VALUES('aaa0177', 'Temperatura Lavorazione', 42);
INSERT INTO Parametro_Reale
VALUES('aaa0177', 'Temperatura Locale', 24);
INSERT INTO Parametro_Reale
VALUES('aaa0178', 'Percentuale Umidità', 0.6);
INSERT INTO Parametro_Reale
VALUES('aaa0178', 'Temperatura Lavorazione', 30.5);
INSERT INTO Parametro_Reale
VALUES('aaa0178', 'Temperatura Locale', 28);
INSERT INTO Parametro_Reale
VALUES('aaa0179', 'Percentuale Umidità', 0.4);
INSERT INTO Parametro_Reale
VALUES('aaa0179', 'Temperatura Lavorazione', 17);
INSERT INTO Parametro_Reale
VALUES('aaa0179', 'Temperatura Locale', 24);
INSERT INTO Parametro_Reale
VALUES('aaa0180', 'Percentuale Umidità', 0.41);
INSERT INTO Parametro_Reale
VALUES('aaa0180', 'Temperatura Lavorazione', 40.3);
INSERT INTO Parametro_Reale
VALUES('aaa0180', 'Temperatura Locale', 20);
INSERT INTO Parametro_Reale
VALUES('aaa0181', 'Percentuale Umidità', 0.33);
INSERT INTO Parametro_Reale
VALUES('aaa0181', 'Temperatura Lavorazione', 25.02);
INSERT INTO Parametro_Reale
VALUES('aaa0181', 'Temperatura Locale', 19.8);
INSERT INTO Parametro_Reale
VALUES('aaa0182', 'Percentuale Umidità', 0.24);
INSERT INTO Parametro_Reale
VALUES('aaa0182', 'Temperatura Lavorazione', 28);
INSERT INTO Parametro_Reale
VALUES('aaa0182', 'Temperatura Locale', 23);
INSERT INTO Parametro_Reale
VALUES('aaa0183', 'Percentuale Umidità', 0.36);
INSERT INTO Parametro_Reale
VALUES('aaa0183', 'Temperatura Lavorazione', 34);
INSERT INTO Parametro_Reale
VALUES('aaa0183', 'Temperatura Locale', 22);
INSERT INTO Parametro_Reale
VALUES('aaa0184', 'Percentuale Umidità', 0.19);
INSERT INTO Parametro_Reale
VALUES('aaa0184', 'Temperatura Lavorazione', 25.5);
INSERT INTO Parametro_Reale
VALUES('aaa0184', 'Temperatura Locale', 23.15);
INSERT INTO Parametro_Reale
VALUES('aaa0185', 'Percentuale Umidità', 0.3);
INSERT INTO Parametro_Reale
VALUES('aaa0185', 'Temperatura Lavorazione', 40.5);
INSERT INTO Parametro_Reale
VALUES('aaa0185', 'Temperatura Locale', 22.5);
INSERT INTO Parametro_Reale
VALUES('aaa0186', 'Percentuale Umidità', 0.21);
INSERT INTO Parametro_Reale
VALUES('aaa0186', 'Temperatura Lavorazione', 29.5);
INSERT INTO Parametro_Reale
VALUES('aaa0186', 'Temperatura Locale', 22);
INSERT INTO Parametro_Reale
VALUES('aaa0187', 'Percentuale Umidità', 0.49);
INSERT INTO Parametro_Reale
VALUES('aaa0187', 'Temperatura Lavorazione', 15.3);
INSERT INTO Parametro_Reale
VALUES('aaa0187', 'Temperatura Locale', 20.3);
INSERT INTO Parametro_Reale
VALUES('aaa0188', 'Percentuale Umidità', 0.4);
INSERT INTO Parametro_Reale
VALUES('aaa0188', 'Temperatura Lavorazione', 40.6);
INSERT INTO Parametro_Reale
VALUES('aaa0188', 'Temperatura Locale', 20);
INSERT INTO Parametro_Reale
VALUES('aaa0189', 'Percentuale Umidità', 0.37);
INSERT INTO Parametro_Reale
VALUES('aaa0189', 'Temperatura Lavorazione', 25.92);
INSERT INTO Parametro_Reale
VALUES('aaa0189', 'Temperatura Locale', 19.2);
INSERT INTO Parametro_Reale
VALUES('aaa0190', 'Percentuale Umidità', 0.2);
INSERT INTO Parametro_Reale
VALUES('aaa0190', 'Temperatura Lavorazione', 25);
INSERT INTO Parametro_Reale
VALUES('aaa0190', 'Temperatura Locale', 24);
INSERT INTO Parametro_Reale
VALUES('aaa0191', 'Percentuale Umidità', 0.39);
INSERT INTO Parametro_Reale
VALUES('aaa0191', 'Temperatura Lavorazione', 34.8);
INSERT INTO Parametro_Reale
VALUES('aaa0191', 'Temperatura Locale', 22.5);
INSERT INTO Parametro_Reale
VALUES('aaa0192', 'Percentuale Umidità', 0.17);
INSERT INTO Parametro_Reale
VALUES('aaa0192', 'Temperatura Lavorazione', 25.5);
INSERT INTO Parametro_Reale
VALUES('aaa0192', 'Temperatura Locale', 23.9);
INSERT INTO Parametro_Reale
VALUES('aaa0193', 'Percentuale Umidità', 0.38);
INSERT INTO Parametro_Reale
VALUES('aaa0193', 'Temperatura Lavorazione', 40.52);
INSERT INTO Parametro_Reale
VALUES('aaa0193', 'Temperatura Locale', 22.50);
INSERT INTO Parametro_Reale
VALUES('aaa0194', 'Percentuale Umidità', 0.23);
INSERT INTO Parametro_Reale
VALUES('aaa0194', 'Temperatura Lavorazione', 30.5);
INSERT INTO Parametro_Reale
VALUES('aaa0194', 'Temperatura Locale', 22.2);
INSERT INTO Parametro_Reale
VALUES('aaa0195', 'Percentuale Umidità', 0.4999);
INSERT INTO Parametro_Reale
VALUES('aaa0195', 'Temperatura Lavorazione', 15.8);
INSERT INTO Parametro_Reale
VALUES('aaa0195', 'Temperatura Locale', 20.1);
INSERT INTO Parametro_Reale
VALUES('aaa0196', 'Percentuale Umidità', 0.29);
INSERT INTO Parametro_Reale
VALUES('aaa0196', 'Temperatura Lavorazione', 40);
INSERT INTO Parametro_Reale
VALUES('aaa0196', 'Temperatura Locale', 20.8);
INSERT INTO Parametro_Reale
VALUES('aaa0197', 'Percentuale Umidità', 0.39);
INSERT INTO Parametro_Reale
VALUES('aaa0197', 'Temperatura Lavorazione', 25.32);
INSERT INTO Parametro_Reale
VALUES('aaa0197', 'Temperatura Locale', 19.88);
INSERT INTO Parametro_Reale
VALUES('aaa0198', 'Percentuale Umidità', 0.22);
INSERT INTO Parametro_Reale
VALUES('aaa0198', 'Temperatura Lavorazione', 28.3);
INSERT INTO Parametro_Reale
VALUES('aaa0198', 'Temperatura Locale', 24);
INSERT INTO Parametro_Reale
VALUES('aaa0199', 'Percentuale Umidità', 0.32);
INSERT INTO Parametro_Reale
VALUES('aaa0199', 'Temperatura Lavorazione', 34.5);
INSERT INTO Parametro_Reale
VALUES('aaa0199', 'Temperatura Locale', 22.9);
INSERT INTO Parametro_Reale
VALUES('aaa0200', 'Percentuale Umidità', 0.41);
INSERT INTO Parametro_Reale
VALUES('aaa0200', 'Temperatura Lavorazione', 40.3);
INSERT INTO Parametro_Reale
VALUES('aaa0200', 'Temperatura Locale', 20);
INSERT INTO Parametro_Reale
VALUES('aaa0201', 'Percentuale Umidità', 0.33);
INSERT INTO Parametro_Reale
VALUES('aaa0201', 'Temperatura Lavorazione', 25.02);
INSERT INTO Parametro_Reale
VALUES('aaa0201', 'Temperatura Locale', 19.8);
INSERT INTO Parametro_Reale
VALUES('aaa0202', 'Percentuale Umidità', 0.24);
INSERT INTO Parametro_Reale
VALUES('aaa0202', 'Temperatura Lavorazione', 28);
INSERT INTO Parametro_Reale
VALUES('aaa0202', 'Temperatura Locale', 23);
INSERT INTO Parametro_Reale
VALUES('aaa0203', 'Percentuale Umidità', 0.36);
INSERT INTO Parametro_Reale
VALUES('aaa0203', 'Temperatura Lavorazione', 34);
INSERT INTO Parametro_Reale
VALUES('aaa0203', 'Temperatura Locale', 22);
INSERT INTO Parametro_Reale
VALUES('aaa0204', 'Percentuale Umidità', 0.19);
INSERT INTO Parametro_Reale
VALUES('aaa0204', 'Temperatura Lavorazione', 25.5);
INSERT INTO Parametro_Reale
VALUES('aaa0204', 'Temperatura Locale', 23.15);
INSERT INTO Parametro_Reale
VALUES('aaa0205', 'Percentuale Umidità', 0.3);
INSERT INTO Parametro_Reale
VALUES('aaa0205', 'Temperatura Lavorazione', 40.5);
INSERT INTO Parametro_Reale
VALUES('aaa0205', 'Temperatura Locale', 22.5);
INSERT INTO Parametro_Reale
VALUES('aaa0206', 'Percentuale Umidità', 0.21);
INSERT INTO Parametro_Reale
VALUES('aaa0206', 'Temperatura Lavorazione', 29.5);
INSERT INTO Parametro_Reale
VALUES('aaa0206', 'Temperatura Locale', 22);
INSERT INTO Parametro_Reale
VALUES('aaa0207', 'Percentuale Umidità', 0.49);
INSERT INTO Parametro_Reale
VALUES('aaa0207', 'Temperatura Lavorazione', 15.3);
INSERT INTO Parametro_Reale
VALUES('aaa0207', 'Temperatura Locale', 20.3);
INSERT INTO Parametro_Reale
VALUES('aaa0208', 'Percentuale Umidità', 0.4);
INSERT INTO Parametro_Reale
VALUES('aaa0208', 'Temperatura Lavorazione', 40.6);
INSERT INTO Parametro_Reale
VALUES('aaa0208', 'Temperatura Locale', 20);
INSERT INTO Parametro_Reale
VALUES('aaa0209', 'Percentuale Umidità', 0.37);
INSERT INTO Parametro_Reale
VALUES('aaa0209', 'Temperatura Lavorazione', 25.92);
INSERT INTO Parametro_Reale
VALUES('aaa0209', 'Temperatura Locale', 19.2);
INSERT INTO Parametro_Reale
VALUES('aaa0210', 'Percentuale Umidità', 0.2);
INSERT INTO Parametro_Reale
VALUES('aaa0210', 'Temperatura Lavorazione', 25);
INSERT INTO Parametro_Reale
VALUES('aaa0210', 'Temperatura Locale', 24);
INSERT INTO Parametro_Reale
VALUES('aaa0211', 'Percentuale Umidità', 0.39);
INSERT INTO Parametro_Reale
VALUES('aaa0211', 'Temperatura Lavorazione', 34.8);
INSERT INTO Parametro_Reale
VALUES('aaa0211', 'Temperatura Locale', 22.5);
INSERT INTO Parametro_Reale
VALUES('aaa0212', 'Percentuale Umidità', 0.17);
INSERT INTO Parametro_Reale
VALUES('aaa0212', 'Temperatura Lavorazione', 25.5);
INSERT INTO Parametro_Reale
VALUES('aaa0212', 'Temperatura Locale', 23.9);
INSERT INTO Parametro_Reale
VALUES('aaa0213', 'Percentuale Umidità', 0.38);
INSERT INTO Parametro_Reale
VALUES('aaa0213', 'Temperatura Lavorazione', 40.52);
INSERT INTO Parametro_Reale
VALUES('aaa0213', 'Temperatura Locale', 22.50);
INSERT INTO Parametro_Reale
VALUES('aaa0214', 'Percentuale Umidità', 0.23);
INSERT INTO Parametro_Reale
VALUES('aaa0214', 'Temperatura Lavorazione', 30.5);
INSERT INTO Parametro_Reale
VALUES('aaa0214', 'Temperatura Locale', 22.2);
INSERT INTO Parametro_Reale
VALUES('aaa0215', 'Percentuale Umidità', 0.4999);
INSERT INTO Parametro_Reale
VALUES('aaa0215', 'Temperatura Lavorazione', 15.8);
INSERT INTO Parametro_Reale
VALUES('aaa0215', 'Temperatura Locale', 20.1);
INSERT INTO Parametro_Reale
VALUES('aaa0216', 'Percentuale Umidità', 0.29);
INSERT INTO Parametro_Reale
VALUES('aaa0216', 'Temperatura Lavorazione', 40);
INSERT INTO Parametro_Reale
VALUES('aaa0216', 'Temperatura Locale', 20.8);
INSERT INTO Parametro_Reale
VALUES('aaa0217', 'Percentuale Umidità', 0.39);
INSERT INTO Parametro_Reale
VALUES('aaa0217', 'Temperatura Lavorazione', 25.32);
INSERT INTO Parametro_Reale
VALUES('aaa0217', 'Temperatura Locale', 19.88);
INSERT INTO Parametro_Reale
VALUES('aaa0218', 'Percentuale Umidità', 0.22);
INSERT INTO Parametro_Reale
VALUES('aaa0218', 'Temperatura Lavorazione', 28.3);
INSERT INTO Parametro_Reale
VALUES('aaa0218', 'Temperatura Locale', 24);
INSERT INTO Parametro_Reale
VALUES('aaa0219', 'Percentuale Umidità', 0.32);
INSERT INTO Parametro_Reale
VALUES('aaa0219', 'Temperatura Lavorazione', 34.5);
INSERT INTO Parametro_Reale
VALUES('aaa0219', 'Temperatura Locale', 22.9);
INSERT INTO Parametro_Reale
VALUES('aaa0220', 'Percentuale Umidità', 0.29);
INSERT INTO Parametro_Reale
VALUES('aaa0220', 'Temperatura Lavorazione', 25.9);
INSERT INTO Parametro_Reale
VALUES('aaa0220', 'Temperatura Locale', 23.95);
INSERT INTO Parametro_Reale
VALUES('aaa0221', 'Percentuale Umidità', 0.4);
INSERT INTO Parametro_Reale
VALUES('aaa0221', 'Temperatura Lavorazione', 40.55);
INSERT INTO Parametro_Reale
VALUES('aaa0221', 'Temperatura Locale', 22.58);
INSERT INTO Parametro_Reale
VALUES('aaa0222', 'Percentuale Umidità', 0.23);
INSERT INTO Parametro_Reale
VALUES('aaa0222', 'Temperatura Lavorazione', 29.3);
INSERT INTO Parametro_Reale
VALUES('aaa0222', 'Temperatura Locale', 22.6);
INSERT INTO Parametro_Reale
VALUES('aaa0223', 'Percentuale Umidità', 0.39);
INSERT INTO Parametro_Reale
VALUES('aaa0223', 'Temperatura Lavorazione', 15.9);
INSERT INTO Parametro_Reale
VALUES('aaa0223', 'Temperatura Locale', 20.2);
INSERT INTO Parametro_Reale
VALUES('aaa0224', 'Percentuale Umidità', 0.41);
INSERT INTO Parametro_Reale
VALUES('aaa0224', 'Temperatura Lavorazione', 40.3);
INSERT INTO Parametro_Reale
VALUES('aaa0224', 'Temperatura Locale', 20);
INSERT INTO Parametro_Reale
VALUES('aaa0225', 'Percentuale Umidità', 0.38);
INSERT INTO Parametro_Reale
VALUES('aaa0225', 'Temperatura Lavorazione', 25.32);
INSERT INTO Parametro_Reale
VALUES('aaa0225', 'Temperatura Locale', 19.86);
INSERT INTO Parametro_Reale
VALUES('aaa0226', 'Percentuale Umidità', 0.25);
INSERT INTO Parametro_Reale
VALUES('aaa0226', 'Temperatura Lavorazione', 28.3);
INSERT INTO Parametro_Reale
VALUES('aaa0226', 'Temperatura Locale', 22);
INSERT INTO Parametro_Reale
VALUES('aaa0227', 'Percentuale Umidità', 0.3);
INSERT INTO Parametro_Reale
VALUES('aaa0227', 'Temperatura Lavorazione', 34.6);
INSERT INTO Parametro_Reale
VALUES('aaa0227', 'Temperatura Locale', 22.7);
INSERT INTO Parametro_Reale
VALUES('aaa0228', 'Percentuale Umidità', 0.29);
INSERT INTO Parametro_Reale
VALUES('aaa0228', 'Temperatura Lavorazione', 25.59);
INSERT INTO Parametro_Reale
VALUES('aaa0228', 'Temperatura Locale', 23.7);
INSERT INTO Parametro_Reale
VALUES('aaa0229', 'Percentuale Umidità', 0.5);
INSERT INTO Parametro_Reale
VALUES('aaa0229', 'Temperatura Lavorazione', 40.25);
INSERT INTO Parametro_Reale
VALUES('aaa0229', 'Temperatura Locale', 22.85);
INSERT INTO Parametro_Reale
VALUES('aaa0230', 'Percentuale Umidità', 0.28);
INSERT INTO Parametro_Reale
VALUES('aaa0230', 'Temperatura Lavorazione', 29.57);
INSERT INTO Parametro_Reale
VALUES('aaa0230', 'Temperatura Locale', 22.3);
INSERT INTO Parametro_Reale
VALUES('aaa0231', 'Percentuale Umidità', 0.59);
INSERT INTO Parametro_Reale
VALUES('aaa0231', 'Temperatura Lavorazione', 15.23);
INSERT INTO Parametro_Reale
VALUES('aaa0231', 'Temperatura Locale', 20.1);
INSERT INTO Parametro_Reale
VALUES('aaa0232', 'Percentuale Umidità', 0.5);
INSERT INTO Parametro_Reale
VALUES('aaa0232', 'Temperatura Lavorazione', 41);
INSERT INTO Parametro_Reale
VALUES('aaa0232', 'Temperatura Locale', 20.4);
INSERT INTO Parametro_Reale
VALUES('aaa0233', 'Percentuale Umidità', 0.38);
INSERT INTO Parametro_Reale
VALUES('aaa0233', 'Temperatura Lavorazione', 25.02);
INSERT INTO Parametro_Reale
VALUES('aaa0233', 'Temperatura Locale', 21);
INSERT INTO Parametro_Reale
VALUES('aaa0234', 'Percentuale Umidità', 0.29);
INSERT INTO Parametro_Reale
VALUES('aaa0234', 'Temperatura Lavorazione', 27.7);
INSERT INTO Parametro_Reale
VALUES('aaa0234', 'Temperatura Locale', 22);
INSERT INTO Parametro_Reale
VALUES('aaa0235', 'Percentuale Umidità', 0.35);
INSERT INTO Parametro_Reale
VALUES('aaa0235', 'Temperatura Lavorazione', 33);
INSERT INTO Parametro_Reale
VALUES('aaa0235', 'Temperatura Locale', 22.5);
INSERT INTO Parametro_Reale
VALUES('aaa0236', 'Percentuale Umidità', 0.29);
INSERT INTO Parametro_Reale
VALUES('aaa0236', 'Temperatura Lavorazione', 25.59);
INSERT INTO Parametro_Reale
VALUES('aaa0236', 'Temperatura Locale', 23.4);
INSERT INTO Parametro_Reale
VALUES('aaa0237', 'Percentuale Umidità', 0.29);
INSERT INTO Parametro_Reale
VALUES('aaa0237', 'Temperatura Lavorazione', 42);
INSERT INTO Parametro_Reale
VALUES('aaa0237', 'Temperatura Locale', 24);
INSERT INTO Parametro_Reale
VALUES('aaa0238', 'Percentuale Umidità', 0.6);
INSERT INTO Parametro_Reale
VALUES('aaa0238', 'Temperatura Lavorazione', 30.5);
INSERT INTO Parametro_Reale
VALUES('aaa0238', 'Temperatura Locale', 28);
INSERT INTO Parametro_Reale
VALUES('aaa0239', 'Percentuale Umidità', 0.4);
INSERT INTO Parametro_Reale
VALUES('aaa0239', 'Temperatura Lavorazione', 17);
INSERT INTO Parametro_Reale
VALUES('aaa0239', 'Temperatura Locale', 24);

-- utente
INSERT INTO Utente
VALUES('bncgli99');
INSERT INTO Utente
VALUES('rssgcm80');
INSERT INTO Utente
VALUES('nricld73');
INSERT INTO Utente
VALUES('vrdarr67');
INSERT INTO Utente
VALUES('gllrta79');
INSERT INTO Utente
VALUES('rsimtt93');
INSERT INTO Utente
VALUES('scrrbc98');
INSERT INTO Utente
VALUES('chrcml50');
INSERT INTO Utente
VALUES('grgvtt70');
INSERT INTO Utente
VALUES('rncmrc59');

-- registrato
INSERT INTO Registrato
VALUES ('bncgli99', 'Giulia', 'Bianchi' , 'abc0000', 'Comune', 'Carta di identità', '13456', '2022-12-20', 'Via dei fogli 19, La Spezia','2018-08-14' );
INSERT INTO Registrato
VALUES ('rssgcm80', 'Giacomo', 'Rossi' , 'abc0001', 'Comune', 'Carta di identità', '14456', '2023-10-20', 'Via delle penne 109, La Spezia','2019-06-14' );
INSERT INTO Registrato
VALUES ('nricld73', 'Claudia', 'Neri', 'abc0002', 'Comune', 'Carta di identità', '18776', '2024-01-29', 'Via dei temperini 192, Pisa','2019-05-13' );
INSERT INTO Registrato
VALUES ('vrdarr67', 'Aurora', 'Verdi' , 'abc0003', 'Comune', 'Carta di identità', '13987', '2020-02-02', 'Via dei tappi 5, Pisa','2019-01-01' );
INSERT INTO Registrato
VALUES ('gllrta79', 'Rita', 'Gialli' , 'abc0004', 'Comune', 'Carta di identità', '16543', '2025-05-14', 'Via delle matite 11, Massa','2019-02-11' );
INSERT INTO Registrato
VALUES ('rsimtt93', 'Matteo', 'Rosi' , 'abc0005', 'Comune', 'Carta di identità', '13645', '2022-11-27', 'Via delle gomme 203, Carrara','2018-04-04' );
INSERT INTO Registrato
VALUES ('scrrbc98', 'Rebecca', 'Scuri' , 'abc0006', 'Comune', 'Carta di identità', '18675', '2024-02-28', 'Via dei pastelli 1, Viareggio','2019-03-19' );
INSERT INTO Registrato
VALUES ('chrcml50', 'Camilla', 'Chiari' , 'abc0007', 'Comune', 'Carta di identità', '19996', '2023-03-09', 'Via dei pennarelli 97, Livorno','2018-09-15' );
INSERT INTO Registrato
VALUES ('grgvtt70', 'Vittorio', 'Grigi' , 'abc0008', 'Comune', 'Carta di identità', '17776', '2025-09-17', 'Via dei taglierini 106, La Spezia','2019-06-12' );
INSERT INTO Registrato
VALUES ('rncmrc59', 'Marco', 'Arancioni' , 'abc0009', 'Comune', 'Carta di identità', '13335', '2026-06-06', 'Via dei bianchetti 23, Pontedera','2019-08-14' );

-- account
INSERT INTO Account
VALUES('gattina99','gatti09', 'Muse','bncgli99');
INSERT INTO Account
VALUES('arcobaleno80','rosso0909', 'Queen','rssgcm80');
INSERT INTO Account
VALUES('oscurità73','thekiller££','Radiohead','nricld73');
INSERT INTO Account
VALUES('prato67', 'montagneprati','Imagine Dragons','vrdarr67');
INSERT INTO Account
VALUES('sole79', 'mipiaccionoigatti','Coldplay','gllrta79');
INSERT INTO Account
VALUES('pallido93', 'vivaicetacei', 'Beatles','rsimtt93');
INSERT INTO Account
VALUES('scuro98', 'ilmioaccount', 'Fall Out Boy','scrrbc98');
INSERT INTO Account
VALUES('luce50','mipiaceilformaggio','Arctic Monkeys','chrcml50');
INSERT INTO Account
VALUES('tristezza70', 'rocklover','System of a Down','grgvtt70');
INSERT INTO Account
VALUES('rancore59','bella_ciao','Rammstein','rncmrc59');

-- ordine
INSERT INTO Ordine
VALUES('aaa0000','gattina99','In Processazione', '2019-09-07', 0);
INSERT INTO Ordine
VALUES('aaa0001','arcobaleno80','In Processazione', '2019-09-07', 0);
INSERT INTO Ordine
VALUES('aaa0002','oscurità73','In Processazione', '2019-09-07', 0);
INSERT INTO Ordine
VALUES('aaa0003','prato67', 'In Processazione', '2019-09-07', 0);
INSERT INTO Ordine
VALUES('aaa0004','sole79', 'In Processazione', '2019-09-07', 0);
INSERT INTO Ordine
VALUES('aaa0005','pallido93', 'In Processazione', '2019-09-07', 0);
INSERT INTO Ordine
VALUES('aaa0006','scuro98', 'In Processazione', '2019-09-07', 0);
INSERT INTO Ordine
VALUES('aaa0007','luce50','In Processazione', '2019-09-07', 0);
INSERT INTO Ordine
VALUES('aaa0008','tristezza70', 'In Processazione', '2019-09-07', 0);
INSERT INTO Ordine
VALUES('aaa0009','rancore59','In Processazione', '2019-09-07', 0);


-- prodotto ordine
CALL inserisci_prodotto_ordine('aaa0000', 'aaa0000', 'Parmigiano', 1);
CALL inserisci_prodotto_ordine('aaa0000', 'aaa0001', 'Robiola-Capra', 1);
CALL inserisci_prodotto_ordine('aaa0001', 'aaa0003', 'Parmigiano', 1);
CALL inserisci_prodotto_ordine('aaa0001', 'aaa0004', 'Robiola-Capra', 1);
CALL inserisci_prodotto_ordine('aaa0001', 'aaa0005', 'Mozzarella', 0.5);
CALL inserisci_prodotto_ordine('aaa0002', 'aaa0007', 'Burrata', 0.5);
CALL inserisci_prodotto_ordine('aaa0002', 'aaa0008', 'Robiola-Pecora', 1);
CALL inserisci_prodotto_ordine('aaa0003', 'aaa0009', 'Ricotta-Mucca', 0.5);
CALL inserisci_prodotto_ordine('aaa0003', 'aaa0010', 'Burrata', 0.5);
CALL inserisci_prodotto_ordine('aaa0004', 'aaa0013', 'Squacquerone', 0.5);
CALL inserisci_prodotto_ordine('aaa0004', 'aaa0014', 'Caciocavallo', 1);
CALL inserisci_prodotto_ordine('aaa0005', 'aaa0015', 'Ricotta-Pecora', 0.5);
CALL inserisci_prodotto_ordine('aaa0005', 'aaa0016', 'Squacquerone', 0.5);
CALL inserisci_prodotto_ordine('aaa0006', 'aaa0018', 'Robiola-Mucca', 1);
CALL inserisci_prodotto_ordine('aaa0006', 'aaa0019', 'Scamorza', 0.5);
CALL inserisci_prodotto_ordine('aaa0006', 'aaa0020', 'Caprino', 0.5);
CALL inserisci_prodotto_ordine('aaa0007', 'aaa0022', 'Scamorza', 0.5);
CALL inserisci_prodotto_ordine('aaa0008', 'aaa0024', 'Ricotta-Capra', 0.5);
CALL inserisci_prodotto_ordine('aaa0008', 'aaa0025', 'Stracchino', 0.5);
CALL inserisci_prodotto_ordine('aaa0009', 'aaa0027', 'Ricotta-Capra', 0.5);
CALL inserisci_prodotto_ordine('aaa0009', 'aaa0029', 'Gorgonzola', 0.5);

UPDATE Prodotto_Ordine
SET Reso= '2019-09-23'
WHERE CodiceProdotto='aaa0000';
UPDATE Prodotto_Ordine
SET Reso= '2019-09-23'
WHERE CodiceProdotto='aaa0005';
UPDATE Prodotto_Ordine
SET Reso= '2019-09-23'
WHERE CodiceProdotto='aaa0010';
UPDATE Prodotto_Ordine
SET Reso= '2019-09-23'
WHERE CodiceProdotto='aaa0015';
UPDATE Prodotto_Ordine
SET Reso= '2019-09-23'
WHERE CodiceProdotto='aaa0020';
UPDATE Prodotto_Ordine
SET Reso= '2019-09-23'
WHERE CodiceProdotto='aaa0025';


INSERT INTO Parametri_Recensione
VALUES('aaa0001', 1,1,1,1);
INSERT INTO Parametri_Recensione
VALUES('aaa0003', 5,5,5,5);
INSERT INTO Parametri_Recensione
VALUES('aaa0004', 5,1,1,2);
INSERT INTO Parametri_Recensione
VALUES('aaa0007', 1,1,1,1);
INSERT INTO Parametri_Recensione
VALUES('aaa0008', 4,3,3,5);
INSERT INTO Parametri_Recensione
VALUES('aaa0009', 5,5,5,5);
INSERT INTO Parametri_Recensione
VALUES('aaa0013', 1,1,1,1);
INSERT INTO Parametri_Recensione
VALUES('aaa0014', 1,3,3,5);
INSERT INTO Parametri_Recensione
VALUES('aaa0016', 5,5,5,5);
INSERT INTO Parametri_Recensione
VALUES('aaa0018', 3,1,1,2);
INSERT INTO Parametri_Recensione
VALUES('aaa0019', 5,1,1,2);
INSERT INTO Parametri_Recensione
VALUES('aaa0022', 1,1,1,1);
INSERT INTO Parametri_Recensione
VALUES('aaa0024', 5,5,5,5);
INSERT INTO Parametri_Recensione
VALUES('aaa0027', 1,1,1,1);
INSERT INTO Parametri_Recensione
VALUES('aaa0029', 5,5,5,5);

-- testo
INSERT INTO Testo
VALUES('aaa0029','Molto buono');
INSERT INTO Testo
VALUES('aaa0024','Sapore ottimo');
INSERT INTO Testo
VALUES('aaa0027','Terribile');
INSERT INTO Testo
VALUES('aaa0016','Molto buono');
INSERT INTO Testo
VALUES('aaa0009','Il formaggio era buonissimo');
INSERT INTO Testo
VALUES('aaa0007','Immangiabile');
INSERT INTO Testo
VALUES('aaa0003','Molto buono');
INSERT INTO Testo
VALUES('aaa0001','Formaggio di qualità scadente');

-- prenotazione
INSERT INTO Prenotazione
VALUES('aaa0000','2019-08-01', '2019-09-07', '2019-09-14','bncgli99');
INSERT INTO Prenotazione
VALUES('aaa0001','2019-08-11', '2019-09-17', '2019-09-19','rssgcm80');
INSERT INTO Prenotazione
VALUES('aaa0002','2019-09-01', '2019-09-03', '2019-09-06','nricld73');
INSERT INTO Prenotazione
VALUES('aaa0003','2019-07-21', '2019-08-07', '2019-08-14','vrdarr67');
INSERT INTO Prenotazione
VALUES('aaa0004','2019-08-01', '2019-09-15', '2019-09-20','gllrta79');
INSERT INTO Prenotazione
VALUES('aaa0005','2019-09-03', '2019-09-05', '2019-09-14','rsimtt93');
INSERT INTO Prenotazione
VALUES('aaa0006','2019-07-01', '2019-08-09', '2019-08-16','scrrbc98');
INSERT INTO Prenotazione
VALUES('aaa0007','2019-09-05', '2019-09-13', '2019-09-17','chrcml50');
INSERT INTO Prenotazione
VALUES('aaa0008','2019-07-15', '2019-08-04', '2019-08-14','grgvtt70');
INSERT INTO Prenotazione
VALUES('aaa0009','2019-08-25', '2019-09-24', '2019-09-29','rncmrc59');

-- servizi aggiuntivi
INSERT INTO servizi_aggiuntivi
VALUES ('Idromassaggio', '40');
INSERT INTO servizi_aggiuntivi
VALUES ('Piscina', '30');
INSERT INTO servizi_aggiuntivi
VALUES ('S.P.A.', '100');

-- RICHIESTA OPTIONAL
INSERT INTO Richiesta_Optional
VALUES('aaa0007', 'Idromassaggio','2019-09-14', '2019-09-16' );
INSERT INTO Richiesta_Optional
VALUES('aaa0008', 'Piscina','2019-08-04', '2019-08-13' );
INSERT INTO Richiesta_Optional
VALUES('aaa0007', 'S.P.A.','2019-09-25', '2019-09-29' );

-- STANZA SEMPLICE
INSERT INTO Stanza_Semplice
VALUES('aaa0000', 80, 'Matrimoniale');
INSERT INTO Stanza_Semplice
VALUES('aaa0001', 80, 'Matrimoniale');
INSERT INTO Stanza_Semplice
VALUES('aaa0002', 80, 'Matrimoniale');
INSERT INTO Stanza_Semplice
VALUES('aaa0003', 80, 'Matrimoniale');
INSERT INTO Stanza_Semplice
VALUES('aaa0004', 80, 'Matrimoniale');
INSERT INTO Stanza_Semplice
VALUES('aaa0005', 80, 'Matrimoniale');
INSERT INTO Stanza_Semplice
VALUES('aaa0006', 80, 'Matrimoniale');
INSERT INTO Stanza_Semplice
VALUES('aaa0007', 80, 'Singolo');
INSERT INTO Stanza_Semplice
VALUES('aaa0008', 80, 'Singolo');
INSERT INTO Stanza_Semplice
VALUES('aaa0009', 80, 'Singolo');

-- suite
INSERT INTO Suite
VALUES ('aaa0000', 300, 2, 2);
INSERT INTO Suite
VALUES ('aaa0001', 300, 2, 2);
INSERT INTO Suite
VALUES ('aaa0002', 300, 2, 2);
INSERT INTO Suite
VALUES ('aaa0003', 300, 2, 2);
INSERT INTO Suite
VALUES ('aaa0004', 300, 2, 2);

-- riservazione stanza semplice
INSERT INTO Riservazione_Stanza_Semplice
VALUES('aaa0000', 'aaa0000');
INSERT INTO Riservazione_Stanza_Semplice
VALUES('aaa0008', 'aaa0000');
INSERT INTO Riservazione_Stanza_Semplice
VALUES('aaa0001', 'aaa0001');
INSERT INTO Riservazione_Stanza_Semplice
VALUES('aaa0002', 'aaa0002');
INSERT INTO Riservazione_Stanza_Semplice
VALUES('aaa0003', 'aaa0003');
INSERT INTO Riservazione_Stanza_Semplice
VALUES('aaa0004', 'aaa0004');
INSERT INTO Riservazione_Stanza_Semplice
VALUES('aaa0009', 'aaa0004');
INSERT INTO Riservazione_Stanza_Semplice
VALUES('aaa0005', 'aaa0005');
INSERT INTO Riservazione_Stanza_Semplice
VALUES('aaa0006', 'aaa0006');
INSERT INTO Riservazione_Stanza_Semplice
VALUES('aaa0007', 'aaa0006');

-- riservazione suite
INSERT INTO Riservazione_Suite
VALUES('aaa0000', 'aaa0007');
INSERT INTO Riservazione_Suite
VALUES('aaa0001', 'aaa0008');
INSERT INTO Riservazione_Suite
VALUES('aaa0002', 'aaa0009');

-- guida
INSERT INTO Guida
VALUES ('aaa0000', 'Lucia', 'Verdi');
INSERT INTO Guida
VALUES ('aaa0001', 'Maria', 'Rosi');
INSERT INTO Guida
VALUES ('aaa0002', 'Gaia', 'Rossi');
INSERT INTO Guida
VALUES ('aaa0003', 'Giulia', 'Azzurri');
INSERT INTO Guida
VALUES ('aaa0004', 'Mattia', 'Blu');

-- escursione
INSERT INTO Escursione
VALUES('aaa0000', 'aaa0000','15:00:00', '2019-09-17', 15);
INSERT INTO Escursione
VALUES('aaa0001', 'aaa0001','10:00:00', '2019-09-08', 10);
INSERT INTO Escursione
VALUES('aaa0002', 'aaa0002','13:00:00', '2019-08-10', 20);

-- prenota escursione
INSERT INTO prenota_escursione
VALUES('rssgcm80', 'aaa0000', '2019-09-13', 4);
INSERT INTO prenota_escursione
VALUES('gllrta79', 'aaa0000', '2019-09-10', 5);
INSERT INTO prenota_escursione
VALUES('chrcml50', 'aaa0000', '2019-09-14', 4);
INSERT INTO prenota_escursione
VALUES('rsimtt93', 'aaa0001', '2019-09-05', 4);
INSERT INTO prenota_escursione
VALUES('nricld73', 'aaa0001', '2019-09-04', 4);
INSERT INTO prenota_escursione
VALUES('vrdarr67', 'aaa0002', '2019-08-07', 7);
INSERT INTO prenota_escursione
VALUES('scrrbc98', 'aaa0002', '2019-08-07', 6);
INSERT INTO prenota_escursione
VALUES('grgvtt70', 'aaa0002', '2019-08-06', 5);

-- Area
INSERT INTO Area
VALUES('aaa0000', 'Area 1');
INSERT INTO Area
VALUES('aaa0001', 'Area 2');
INSERT INTO Area
VALUES('aaa0002', 'Area 3');
INSERT INTO Area
VALUES('aaa0003', 'Area 4');
INSERT INTO Area
VALUES('aaa0004', 'Area 5');
INSERT INTO Area
VALUES('aaa0005', 'Area 6');
INSERT INTO Area
VALUES('aaa0006', 'Area 7');
INSERT INTO Area
VALUES('aaa0007', 'Area 8');
INSERT INTO Area
VALUES('aaa0008', 'Area 9');
INSERT INTO Area
VALUES('aaa0009', 'Area 10');

INSERT INTO Tappa
VALUES('aaa0000', '2019-09-17 15:10:00', 'aaa0000', '2019-09-17 15:45:00');
INSERT INTO Tappa
VALUES('aaa0000', '2019-09-17 15:50:00', 'aaa0003', '2019-09-17 16:35:00');
INSERT INTO Tappa
VALUES('aaa0000', '2019-09-17 16:40:00', 'aaa0007', '2019-09-17 17:00:00');
INSERT INTO Tappa
VALUES('aaa0000', '2019-09-17 17:10:00', 'aaa0009', '2019-09-17 17:35:00');
INSERT INTO Tappa
VALUES('aaa0000', '2019-09-17 17:45:00', 'aaa0001', '2019-09-17 18:00:00');
INSERT INTO Tappa
VALUES('aaa0001', '2019-09-08 10:10:00', 'aaa0002', '2019-09-08 10:45:00');
INSERT INTO Tappa
VALUES('aaa0001', '2019-09-08 10:50:00', 'aaa0004', '2019-09-08 12:35:00');
INSERT INTO Tappa
VALUES('aaa0001', '2019-09-08 12:40:00', 'aaa0006', '2019-09-08 13:00:00');
INSERT INTO Tappa
VALUES('aaa0001', '2019-09-08 13:10:00', 'aaa0008', '2019-09-08 14:35:00');
INSERT INTO Tappa
VALUES('aaa0001', '2019-09-08 14:45:00', 'aaa0001', '2019-09-08 15:00:00');
INSERT INTO Tappa
VALUES('aaa0002', '2019-08-10 13:10:00', 'aaa0009', '2019-08-10 13:45:00');
INSERT INTO Tappa
VALUES('aaa0002', '2019-08-10  13:50:00', 'aaa0006', '2019-08-10 15:35:00');
INSERT INTO Tappa
VALUES('aaa0002', '2019-08-10 15:40:00', 'aaa0007', '2019-08-10 17:00:00');
INSERT INTO Tappa
VALUES('aaa0002', '2019-08-10 17:10:00', 'aaa0008', '2019-08-10 17:35:00');
INSERT INTO Tappa
VALUES('aaa0002', '2019-08-10 17:45:00', 'aaa0009', '2019-08-10 18:00:00');

UPDATE  Allocazione_Magazzino AM
SET AM.TimestampPrelievo=current_timestamp()
WHERE AM.TimestampPrelievo IS NULL;